time,ax,ay,az,atotal
0.00562286376953125,0.01,-0.3,-0.58,0.65
0.015538930892944336,0.02,-0.33,-0.46,0.56
0.02544999122619629,0.08,-0.2,-0.38,0.43
0.03816080093383789,-0.01,-0.07,-0.07,0.09
0.045323848724365234,-0.1,0.06,0.41,0.42
0.05512094497680664,0.12,0.19,0.33,0.39
0.06514883041381836,0.14,0.14,0.12,0.23
0.07512378692626953,-0.07,0.05,0.11,0.13
0.08813595771789551,-0.15,0.1,0.12,0.21
0.09490013122558594,-0.1,0.13,0.04,0.16
0.10490083694458008,0.0,0.07,-0.1,0.12
0.1147758960723877,0.07,-0.04,-0.24,0.25
0.12465500831604004,0.07,-0.08,-0.31,0.32
0.13751506805419922,0.06,-0.11,-0.34,0.36
0.1445770263671875,0.03,-0.12,-0.28,0.3
0.15452003479003906,-0.06,-0.07,-0.02,0.09
0.16459393501281738,0.05,0.05,0.04,0.08
0.174407958984375,0.08,0.09,0.01,0.12
0.18752598762512207,-0.13,0.03,0.25,0.28
0.19432878494262695,-0.16,0.04,0.29,0.33
0.20412898063659668,-0.09,0.04,0.18,0.2
0.21425390243530273,-0.04,0.02,0.12,0.12
0.22409701347351074,0.03,0.0,0.02,0.03
0.2370290756225586,0.04,0.01,-0.1,0.1
0.24389982223510742,0.03,-0.01,-0.21,0.21
0.2536787986755371,-0.02,-0.06,-0.21,0.21
0.2638249397277832,-0.09,-0.07,-0.14,0.18
0.273745059967041,-0.08,-0.02,-0.08,0.11
0.2866787910461426,-0.03,0.02,0.02,0.04
0.2935500144958496,0.01,0.05,0.12,0.13
0.3035268783569336,0.04,0.1,0.11,0.15
0.3135199546813965,0.02,0.11,0.07,0.13
0.32335495948791504,-0.02,0.05,0.03,0.06
0.33631086349487305,-0.01,0.01,-0.05,0.05
0.3431510925292969,0.0,-0.02,-0.07,0.07
0.35300207138061523,-0.02,-0.02,0.04,0.04
0.3630218505859375,-0.02,0.01,-0.01,0.02
0.37291693687438965,-0.09,-0.04,-0.06,0.11
0.38581299781799316,-0.11,-0.07,0.01,0.13
0.3928549289703369,-0.06,0.0,0.13,0.14
0.4027137756347656,0.02,0.13,0.14,0.19
0.41276097297668457,0.12,0.27,0.06,0.3
0.4226799011230469,0.14,0.25,-0.14,0.31
0.43546485900878906,0.14,0.1,-0.31,0.35
0.44253993034362793,0.0,-0.08,-0.27,0.28
0.4524540901184082,-0.15,-0.16,-0.08,0.23
0.4625420570373535,-0.17,-0.15,0.05,0.23
0.4725949764251709,-0.06,-0.13,0.08,0.16
0.48533105850219727,0.12,-0.1,0.06,0.16
0.4922208786010742,0.17,-0.05,0.13,0.21
0.502068042755127,0.13,0.08,0.2,0.25
0.512056827545166,0.1,0.09,0.03,0.13
0.5218930244445801,0.08,0.01,-0.21,0.22
0.5350461006164551,0.05,-0.07,-0.26,0.27
0.5419058799743652,0.04,-0.04,-0.12,0.13
0.5517299175262451,0.0,0.02,-0.14,0.14
0.5617339611053467,-0.08,-0.01,-0.14,0.16
0.5718069076538086,-0.09,0.03,0.05,0.1
0.5845139026641846,-0.1,0.02,-0.05,0.11
0.5915579795837402,-0.14,-0.07,-0.14,0.21
0.6013669967651367,-0.11,-0.07,0.03,0.13
0.6114721298217773,-0.14,-0.01,0.08,0.16
0.6214029788970947,-0.15,0.0,0.02,0.15
0.6345300674438477,-0.11,-0.03,-0.09,0.14
0.6412079334259033,-0.09,-0.06,-0.07,0.12
0.6511430740356445,-0.03,-0.05,-0.13,0.14
0.6612539291381836,-0.03,-0.06,-0.11,0.12
0.6709980964660645,0.0,-0.03,-0.01,0.03
0.6839649677276611,0.0,-0.01,-0.11,0.11
0.6908819675445557,-0.07,-0.1,-0.37,0.38
0.7007460594177246,-0.12,-0.2,-0.52,0.56
0.7106659412384033,-0.12,-0.2,-0.41,0.47
0.7206730842590332,0.11,0.01,-0.03,0.11
0.7333829402923584,0.14,0.14,0.06,0.2
0.7405459880828857,0.14,0.12,0.17,0.25
0.7503108978271484,0.04,0.06,0.18,0.19
0.7604730129241943,-0.05,-0.02,0.03,0.06
0.7702670097351074,-0.05,0.01,-0.06,0.07
0.783134937286377,-0.01,0.04,-0.03,0.05
0.79010009765625,0.04,0.11,-0.02,0.11
0.8000249862670898,0.07,0.1,-0.04,0.12
0.8100900650024414,0.1,0.09,-0.07,0.15
0.8198800086975098,0.1,0.08,-0.07,0.14
0.8331151008605957,0.03,0.0,-0.05,0.05
0.8398540019989014,-0.06,-0.06,0.0,0.08
0.8496379852294922,-0.1,-0.08,0.03,0.13
0.8597898483276367,-0.13,-0.06,0.0,0.14
0.8696250915527344,-0.11,-0.04,0.01,0.11
0.8828930854797363,-0.07,0.0,0.04,0.08
0.8893330097198486,-0.04,-0.01,0.04,0.05
0.8992938995361328,-0.05,-0.01,0.02,0.05
0.9094669818878174,-0.05,-0.09,0.04,0.11
0.9192149639129639,0.0,-0.11,0.1,0.14
0.932466983795166,0.09,0.0,0.1,0.13
0.9391818046569824,0.12,0.06,0.04,0.13
0.9489707946777344,0.1,0.08,-0.02,0.12
0.9590878486633301,0.05,0.07,-0.14,0.16
0.968904972076416,-0.04,0.06,-0.23,0.24
0.9819650650024414,-0.04,0.01,-0.18,0.18
0.988710880279541,0.02,0.02,-0.07,0.07
0.9986279010772705,0.02,0.05,0.03,0.06
1.0086498260498047,-0.03,-0.01,-0.01,0.03
1.0184240341186523,-0.09,-0.09,0.01,0.12
1.031181812286377,-0.1,-0.11,0.03,0.15
1.0383820533752441,-0.06,-0.1,0.0,0.11
1.0482749938964844,0.07,-0.04,-0.01,0.08
1.0582098960876465,0.08,0.01,-0.03,0.08
1.0681920051574707,0.0,0.02,-0.06,0.06
1.0807929039001465,-0.01,0.02,-0.07,0.07
1.0880279541015625,-0.02,0.03,-0.01,0.03
1.097886085510254,-0.03,0.05,-0.03,0.06
1.1078910827636719,-0.02,0.0,-0.02,0.02
1.1177268028259277,0.01,-0.04,0.0,0.04
1.1302118301391602,0.02,-0.01,-0.02,0.03
1.1375961303710938,0.03,0.04,-0.06,0.07
1.1475069522857666,0.0,0.0,-0.08,0.08
1.1575379371643066,-0.02,-0.04,-0.06,0.07
1.16731595993042,-0.02,-0.02,-0.04,0.04
1.1798679828643799,-0.03,0.01,-0.05,0.05
1.1872270107269287,-0.01,-0.01,-0.02,0.02
1.1970839500427246,-0.01,-0.02,-0.01,0.02
1.207170009613037,0.01,0.0,0.02,0.02
1.2169981002807617,0.03,0.0,0.0,0.03
1.2295880317687988,0.01,-0.01,-0.05,0.05
1.2369108200073242,-0.04,-0.04,-0.05,0.07
1.246859073638916,-0.05,-0.02,-0.07,0.08
1.256786823272705,-0.04,0.03,-0.04,0.06
1.2666268348693848,-0.03,0.01,-0.08,0.08
1.279210090637207,-0.02,0.0,-0.1,0.1
1.2865118980407715,-0.01,-0.02,-0.04,0.04
1.2964749336242676,-0.02,-0.02,0.02,0.03
1.3064279556274414,-0.05,-0.02,0.02,0.05
1.316314935684204,-0.02,-0.02,0.02,0.03
1.3292760848999023,0.06,-0.01,0.01,0.06
1.3362319469451904,0.08,0.01,-0.02,0.08
1.3460850715637207,0.04,0.01,-0.08,0.09
1.3561069965362549,-0.02,0.01,-0.11,0.11
1.3659000396728516,-0.01,0.01,-0.09,0.09
1.3783960342407227,-0.02,-0.02,-0.04,0.04
1.3857760429382324,-0.03,0.01,-0.01,0.03
1.3957757949829102,-0.03,-0.01,0.01,0.03
1.405824899673462,-0.06,-0.07,0.02,0.09
1.4156150817871094,-0.07,-0.07,0.0,0.09
1.4285268783569336,-0.04,-0.03,-0.03,0.05
1.4356398582458496,0.0,0.0,-0.07,0.07
1.445490837097168,0.05,0.02,-0.03,0.06
1.45564603805542,0.04,0.01,-0.01,0.04
1.4653699398040771,0.01,0.01,-0.03,0.03
1.4779930114746094,0.0,0.01,-0.03,0.03
1.4852538108825684,0.0,0.01,-0.06,0.06
1.4950900077819824,-0.03,0.01,-0.04,0.05
1.5052528381347656,-0.04,-0.01,-0.03,0.05
1.5150279998779297,0.0,-0.02,-0.05,0.05
1.527914047241211,-0.01,-0.02,-0.01,0.02
1.5349419116973877,-0.02,0.0,-0.04,0.04
1.5446069240570068,-0.02,0.0,-0.02,0.02
1.5549829006195068,0.0,-0.01,-0.04,0.04
1.5646309852600098,0.0,0.0,-0.06,0.06
1.5776968002319336,0.0,0.02,-0.01,0.02
1.5846319198608398,-0.03,0.0,-0.02,0.03
1.5943999290466309,-0.02,-0.03,0.0,0.03
1.604506015777588,0.0,-0.03,-0.01,0.03
1.61431884765625,0.03,0.02,-0.05,0.06
1.6273870468139648,0.02,0.01,-0.03,0.03
1.6343340873718262,-0.01,0.02,-0.09,0.09
1.644014835357666,-0.01,0.03,-0.12,0.12
1.6543409824371338,-0.02,-0.01,-0.07,0.07
1.6639628410339355,-0.02,-0.02,-0.03,0.04
1.6771929264068604,0.0,-0.01,0.01,0.01
1.6838510036468506,0.0,-0.01,0.03,0.03
1.6940131187438965,-0.02,-0.05,0.0,0.05
1.7039539813995361,-0.04,-0.04,-0.03,0.06
1.7137207984924316,-0.04,-0.01,-0.02,0.04
1.7266321182250977,-0.02,-0.03,-0.06,0.06
1.7337279319763184,0.02,0.0,-0.03,0.03
1.7433209419250488,0.02,0.05,-0.04,0.06
1.7535510063171387,0.01,0.05,-0.05,0.07
1.7634239196777344,-0.01,0.03,-0.03,0.04
1.7761290073394775,-0.01,0.01,0.0,0.01
1.7832989692687988,-0.03,0.02,-0.02,0.04
1.7929749488830566,-0.03,-0.02,-0.03,0.04
1.803393840789795,0.0,-0.03,0.0,0.03
1.8130431175231934,0.01,-0.04,0.0,0.04
1.8263399600982666,-0.02,-0.05,-0.02,0.05
1.8326590061187744,-0.02,-0.02,-0.05,0.05
1.8427801132202148,-0.01,0.03,-0.06,0.06
1.8527159690856934,-0.01,0.07,-0.07,0.09
1.8625969886779785,0.0,0.04,-0.04,0.05
1.875831127166748,0.01,0.01,-0.02,0.02
1.8825418949127197,0.0,0.0,-0.04,0.04
1.8925580978393555,-0.01,-0.03,-0.03,0.04
1.9026849269866943,-0.02,-0.02,-0.06,0.06
1.9123649597167969,-0.03,-0.02,-0.05,0.06
1.9254789352416992,-0.02,-0.04,0.0,0.04
1.9323689937591553,-0.04,-0.06,-0.03,0.07
1.941950798034668,-0.03,-0.03,-0.04,0.05
1.952345848083496,-0.01,-0.01,-0.03,0.03
1.9618330001831055,-0.01,0.0,0.0,0.01
1.9749279022216797,-0.02,0.01,-0.01,0.02
1.9818458557128906,0.0,0.03,-0.01,0.03
1.9917898178100586,0.04,0.01,-0.02,0.04
2.00189208984375,0.04,0.04,-0.03,0.06
2.0115160942077637,-0.01,0.04,-0.07,0.08
2.0245327949523926,-0.03,0.02,-0.1,0.1
2.031589984893799,-0.02,-0.01,-0.08,0.08
2.0413360595703125,-0.02,-0.02,-0.05,0.05
2.0515151023864746,-0.03,0.0,-0.04,0.05
2.061295986175537,0.0,-0.01,0.03,0.03
2.074415922164917,0.01,-0.02,0.03,0.03
2.081209897994995,-0.01,-0.02,0.0,0.02
2.0910868644714355,-0.02,-0.01,-0.01,0.02
2.1012940406799316,0.0,0.0,-0.04,0.04
2.110869884490967,0.02,0.0,-0.02,0.02
2.1239681243896484,0.01,0.02,-0.03,0.03
2.130803108215332,-0.02,0.02,-0.06,0.06
2.140657901763916,-0.02,0.01,-0.1,0.1
2.150918960571289,-0.01,0.0,-0.07,0.07
2.1605420112609863,-0.04,0.01,-0.07,0.08
2.1734681129455566,-0.04,0.01,-0.04,0.05
2.1804981231689453,0.01,-0.02,0.03,0.03
2.1903610229492188,0.01,-0.01,-0.01,0.01
2.200544834136963,-0.01,-0.02,-0.04,0.04
2.2103610038757324,-0.03,0.0,-0.04,0.05
2.223473072052002,0.0,0.02,-0.01,0.02
2.2301840782165527,0.02,-0.01,-0.05,0.05
2.240027904510498,0.0,-0.03,-0.05,0.05
2.2500369548797607,-0.04,-0.04,-0.03,0.06
2.2598400115966797,-0.03,-0.04,0.01,0.05
2.272749900817871,0.04,-0.01,0.04,0.05
2.279684066772461,0.09,-0.02,0.04,0.1
2.2896249294281006,0.09,-0.03,0.11,0.14
2.2997279167175293,0.07,0.02,0.05,0.08
2.309938907623291,0.01,0.0,-0.03,0.03
2.3228678703308105,-0.06,-0.08,-0.01,0.1
2.3294849395751953,-0.09,-0.11,-0.05,0.15
2.339392900466919,-0.12,-0.1,0.07,0.17
2.349576950073242,-0.1,-0.12,0.21,0.26
2.359189987182617,0.01,-0.12,0.26,0.28
2.3723249435424805,0.07,0.06,0.5,0.5
2.378978967666626,0.21,0.25,0.24,0.4
2.389045000076294,0.51,0.32,0.58,0.83
2.399117946624756,0.16,0.11,0.55,0.58
2.4088568687438965,-0.03,-0.11,-0.09,0.14
2.421700954437256,-0.04,-0.01,-0.27,0.27
2.4286649227142334,-0.16,0.03,-0.31,0.35
2.4386978149414062,-0.24,0.01,0.04,0.24
2.4489009380340576,0.0,-0.03,0.31,0.31
2.45849609375,0.24,0.06,0.31,0.39
2.4717049598693848,0.31,0.12,0.14,0.36
2.4783201217651367,0.23,0.08,0.15,0.28
2.488223075866699,0.13,0.07,0.15,0.21
2.4984610080718994,0.0,0.01,-0.11,0.11
2.508164882659912,0.04,-0.05,-0.6,0.6
2.5210537910461426,0.48,-0.01,-0.84,0.96
2.528080940246582,0.38,0.24,-0.87,0.97
2.5379700660705566,0.27,0.25,-0.88,0.95
2.5480399131774902,0.35,0.06,-0.58,0.68
2.5578460693359375,0.59,-0.09,-0.29,0.66
2.5708107948303223,0.69,-0.16,-0.37,0.79
2.5776619911193848,0.6,0.07,-0.19,0.63
2.5876078605651855,0.42,0.32,0.2,0.56
2.59774112701416,0.12,0.21,0.38,0.45
2.6074628829956055,-0.07,0.07,0.58,0.58
2.6203818321228027,-0.38,0.02,0.86,0.94
2.6272940635681152,-0.62,-0.09,0.79,1.0
2.6372599601745605,-0.56,-0.17,0.72,0.92
2.6473379135131836,-0.11,-0.29,0.72,0.78
2.657172918319702,0.29,-0.33,0.73,0.85
2.669952869415283,0.36,-0.42,0.61,0.82
2.677072048187256,0.32,-0.35,0.35,0.58
2.6870250701904297,0.25,0.01,0.33,0.41
2.6970348358154297,-0.03,0.43,0.35,0.55
2.706981897354126,-0.13,0.46,0.07,0.48
2.7201061248779297,-0.37,0.16,0.23,0.46
2.726801872253418,-0.62,-0.15,0.13,0.65
2.7366719245910645,-0.64,-0.29,-0.2,0.73
2.746680974960327,-0.59,-0.24,0.27,0.69
2.756373882293701,-0.38,-0.31,0.88,1.0
2.7693967819213867,-0.2,-0.2,0.43,0.51
2.776214122772217,-0.4,-0.17,0.12,0.45
2.786062002182007,-0.47,-0.41,0.12,0.63
2.7961878776550293,-0.12,-0.45,1.24,1.32
2.805972099304199,0.41,-0.4,1.32,1.43
2.8192858695983887,1.07,-0.2,0.45,1.17
2.8259921073913574,1.2,-0.21,-0.18,1.23
2.8359498977661133,1.18,-0.31,-0.23,1.24
2.8460919857025146,1.23,-0.09,0.11,1.23
2.85604190826416,0.71,0.09,0.12,0.72
2.8689990043640137,-0.07,-0.02,-0.23,0.24
2.8754639625549316,-0.24,-0.77,-0.49,0.94
2.885540008544922,-0.22,-0.79,-0.42,0.92
2.8954949378967285,-0.52,-0.4,-0.08,0.66
2.9054789543151855,-0.36,-0.75,0.26,0.87
2.9184730052948,0.1,-0.81,0.13,0.82
2.9252259731292725,0.46,-0.69,-0.03,0.82
2.935257911682129,0.66,-0.55,0.27,0.9
2.9451379776000977,0.62,-0.37,0.26,0.76
2.955364942550659,0.56,-0.36,0.12,0.67
2.9683339595794678,0.52,-0.49,0.03,0.71
2.974985122680664,0.7,-0.67,0.07,0.97
2.9848217964172363,0.86,-0.91,0.68,1.42
2.9950008392333984,0.63,-0.96,0.44,1.22
3.0047121047973633,0.32,-0.85,-0.28,0.95
3.0179169178009033,0.33,-1.36,-0.49,1.48
3.024588108062744,0.32,-1.47,-0.73,1.67
3.0343971252441406,-0.04,-1.28,-1.1,1.68
3.044538974761963,-0.36,-1.18,-1.36,1.83
3.054440975189209,-0.4,-0.88,-1.18,1.52
3.0672149658203125,-0.3,-0.74,-1.14,1.39
3.074216842651367,-0.26,-0.67,-1.29,1.47
3.0841588973999023,-0.15,-0.58,-1.48,1.59
3.0941038131713867,-0.03,-0.59,-1.4,1.51
3.1042749881744385,0.16,-0.56,-1.2,1.33
3.116738796234131,0.28,-0.47,-1.11,1.23
3.1239538192749023,0.19,-0.41,-0.74,0.86
3.133652925491333,0.2,-0.37,-0.53,0.67
3.1438488960266113,0.12,-0.28,-0.42,0.51
3.1537528038024902,0.07,-0.3,-0.23,0.38
3.166438102722168,0.05,-0.36,-0.31,0.47
3.1735520362854004,0.13,-0.24,-0.56,0.62
3.183478832244873,0.16,-0.09,-0.39,0.43
3.1934139728546143,0.0,-0.02,0.1,0.1
3.2034459114074707,-0.05,0.09,0.32,0.33
3.2158570289611816,0.06,0.25,0.25,0.35
3.2231719493865967,0.23,0.34,0.2,0.45
3.2329390048980713,0.38,0.41,0.1,0.56
3.243079900741577,0.44,0.48,0.14,0.66
3.252943992614746,0.31,0.47,0.32,0.64
3.265367031097412,0.21,0.4,0.37,0.58
3.2727408409118652,0.06,0.34,0.38,0.51
3.282815933227539,-0.12,0.31,0.28,0.43
3.292484998703003,-0.22,0.3,0.22,0.43
3.3027429580688477,-0.24,0.35,0.13,0.44
3.3147759437561035,-0.31,0.41,0.13,0.53
3.322493076324463,-0.37,0.47,0.37,0.7
3.332458972930908,-0.39,0.56,0.38,0.78
3.3423709869384766,-0.35,0.55,0.23,0.69
3.352235794067383,-0.35,0.51,0.09,0.62
3.3646609783172607,-0.4,0.49,-0.05,0.63
3.372060775756836,-0.44,0.41,-0.09,0.6
3.3820459842681885,-0.49,0.34,-0.03,0.59
3.391974925994873,-0.51,0.33,-0.12,0.61
3.4020919799804688,-0.49,0.37,-0.15,0.63
3.4144699573516846,-0.43,0.35,-0.14,0.57
3.4219369888305664,-0.39,0.31,-0.29,0.57
3.4316909313201904,-0.35,0.3,-0.55,0.71
3.4416840076446533,-0.36,0.28,-0.7,0.83
3.4517388343811035,-0.46,0.27,-0.87,1.02
3.464261054992676,-0.54,0.3,-1.0,1.17
3.4714629650115967,-0.53,0.35,-1.15,1.31
3.481355905532837,-0.51,0.34,-1.28,1.41
3.491240978240967,-0.48,0.3,-1.38,1.49
3.5012550354003906,-0.42,0.33,-1.29,1.39
3.513774871826172,-0.38,0.36,-1.23,1.33
3.5211429595947266,-0.37,0.29,-1.25,1.33
3.530869960784912,-0.28,0.19,-1.15,1.19
3.5409069061279297,-0.28,0.15,-0.79,0.85
3.550835132598877,-0.36,0.15,-0.52,0.65
3.563169002532959,-0.42,0.12,-0.52,0.67
3.5706348419189453,-0.45,0.12,-0.44,0.64
3.5805399417877197,-0.45,0.07,-0.25,0.51
3.590498924255371,-0.45,-0.02,-0.03,0.45
3.60067081451416,-0.43,-0.04,0.17,0.46
3.6131458282470703,-0.43,-0.05,0.18,0.46
3.6203770637512207,-0.48,-0.11,0.12,0.5
3.630228042602539,-0.48,-0.14,0.19,0.53
3.6403088569641113,-0.44,-0.15,0.18,0.49
3.65012788772583,-0.46,-0.17,0.08,0.49
3.662925958633423,-0.49,-0.19,-0.02,0.52
3.670090913772583,-0.5,-0.2,-0.21,0.57
3.6797609329223633,-0.9,0.26,0.69,1.16
3.6899240016937256,-0.04,2.06,3.88,4.39
3.6998229026794434,1.6,1.51,3.99,4.55
3.7125420570373535,1.88,0.32,2.1,2.83
3.7197659015655518,1.01,0.42,1.29,1.69
3.7294819355010986,-0.11,0.79,1.2,1.44
3.7396299839019775,-0.57,0.72,1.13,1.45
3.7495319843292236,-0.64,0.48,0.57,0.98
3.7621960639953613,-0.68,0.33,-0.09,0.76
3.769340991973877,-0.8,0.25,-0.51,0.98
3.7792558670043945,-0.95,0.19,-0.67,1.17
3.7892699241638184,-1.0,0.19,-0.66,1.21
3.7991960048675537,-0.94,0.16,-0.64,1.14
3.811950922012329,-0.87,0.04,-0.63,1.07
3.8190319538116455,-0.83,-0.01,-0.57,1.0
3.8288140296936035,-0.75,0.02,-0.44,0.86
3.8389058113098145,-0.67,-0.01,-0.18,0.69
3.848695993423462,-0.55,-0.01,0.03,0.55
3.8615078926086426,-0.42,0.04,0.16,0.45
3.868678092956543,-0.29,0.05,0.3,0.42
3.878278970718384,-0.15,0.03,0.37,0.4
3.8885140419006348,-0.04,-0.01,0.32,0.32
3.8984909057617188,-0.01,-0.04,0.24,0.24
3.9111170768737793,0.01,-0.04,0.17,0.17
3.9183969497680664,0.06,-0.03,0.06,0.09
3.9279990196228027,0.13,-0.05,-0.12,0.18
3.938340902328491,0.16,-0.07,-0.2,0.26
3.9480528831481934,0.19,-0.03,-0.18,0.26
3.960899829864502,0.25,0.01,-0.21,0.32
3.9679529666900635,0.3,0.01,-0.18,0.35
3.977776050567627,0.31,0.02,-0.12,0.33
3.9877138137817383,0.31,0.03,-0.11,0.33
3.9978671073913574,0.28,0.01,-0.1,0.29
4.0103600025177,0.28,0.0,-0.07,0.28
4.017442941665649,0.29,0.0,-0.09,0.3
4.024406909942627,0.28,0.0,-0.09,0.29
4.034807920455933,0.25,-0.01,-0.03,0.25
4.044586896896362,0.23,-0.01,0.01,0.23
4.057460784912109,0.18,0.0,-0.05,0.18
4.064342021942139,0.11,0.0,-0.12,0.16
4.074206829071045,0.05,0.0,-0.14,0.14
4.084436893463135,-0.02,0.0,-0.12,0.12
4.094202041625977,-0.07,-0.02,-0.06,0.09
4.107167959213257,-0.1,-0.06,-0.03,0.12
4.114306926727295,-0.09,-0.07,0.01,0.11
4.123989105224609,-0.06,-0.06,0.09,0.12
4.134449005126953,-0.03,-0.08,0.09,0.12
4.143934011459351,-0.02,-0.1,0.13,0.16
4.156929969787598,-0.07,-0.09,0.06,0.12
4.163655996322632,-0.09,-0.05,0.02,0.1
4.173619985580444,-0.11,-0.05,-0.01,0.12
4.183687925338745,-0.12,-0.04,-0.01,0.12
4.193547010421753,-0.12,-0.03,-0.02,0.12
4.206322908401489,-0.13,-0.03,-0.03,0.13
4.213451862335205,-0.14,-0.03,-0.06,0.15
4.22314977645874,-0.12,-0.03,-0.07,0.14
4.233395099639893,-0.09,-0.04,-0.02,0.1
4.24322509765625,-0.05,-0.02,0.02,0.05
4.256095886230469,0.0,0.0,0.07,0.07
4.26316499710083,0.02,0.0,0.04,0.04
4.272726058959961,0.02,0.03,0.02,0.04
4.2830657958984375,0.05,0.06,-0.03,0.08
4.29288911819458,0.02,0.06,-0.05,0.08
4.305417060852051,0.01,0.05,-0.07,0.08
4.312655925750732,-0.02,0.06,-0.12,0.13
4.322528839111328,-0.04,0.05,-0.15,0.16
4.332529067993164,-0.04,0.04,-0.17,0.17
4.342455863952637,-0.03,0.04,-0.14,0.14
4.354964971542358,-0.03,0.03,-0.07,0.08
4.3622589111328125,-0.02,0.01,0.0,0.02
4.372253894805908,0.01,0.03,0.01,0.03
4.3820719718933105,0.03,0.0,0.06,0.06
4.392163991928101,0.02,-0.02,0.1,0.1
4.404590129852295,-0.02,-0.05,0.08,0.09
4.411933898925781,-0.03,-0.06,0.01,0.06
4.421759128570557,-0.03,-0.05,-0.06,0.08
4.431869983673096,-0.04,-0.05,-0.09,0.11
4.4417500495910645,-0.06,-0.03,-0.09,0.11
4.454500913619995,-0.05,0.0,-0.1,0.11
4.461610794067383,-0.06,0.01,-0.12,0.13
4.471468925476074,-0.06,0.02,-0.08,0.1
4.481474876403809,-0.03,0.02,-0.04,0.05
4.491283893585205,0.0,0.0,-0.04,0.04
4.504112005233765,0.03,-0.03,0.01,0.04
4.511225938796997,0.07,-0.02,0.03,0.07
4.521123886108398,0.05,-0.04,0.04,0.07
4.531128883361816,0.05,-0.05,0.02,0.07
4.54108190536499,0.05,-0.03,-0.02,0.06
4.553510904312134,0.0,-0.03,-0.03,0.04
4.560894966125488,-0.04,-0.02,-0.04,0.06
4.570797920227051,-0.06,0.0,-0.07,0.09
4.580734968185425,-0.07,0.0,-0.07,0.09
4.593324899673462,-0.03,0.0,0.0,0.03
4.6063148975372314,-0.02,0.01,0.01,0.02
4.613228797912598,0.02,0.03,-0.04,0.05
4.623167991638184,0.01,0.02,0.02,0.03
4.633243083953857,-0.02,0.04,0.03,0.05
4.643219947814941,-0.04,0.02,-0.04,0.06
4.656003952026367,-0.06,0.0,-0.05,0.07
4.662949085235596,-0.07,0.01,-0.05,0.08
4.67265510559082,-0.05,0.01,-0.09,0.1
4.682904005050659,-0.01,0.0,-0.09,0.09
4.692563056945801,0.0,0.0,-0.09,0.09
4.705509901046753,0.02,0.02,-0.08,0.08
4.71259880065918,0.03,0.03,-0.06,0.07
4.722482919692993,0.03,0.03,-0.03,0.05
4.732254981994629,0.03,0.03,-0.03,0.05
4.742484092712402,-0.01,0.02,0.0,0.02
4.75570011138916,-0.03,0.01,-0.01,0.03
4.762247085571289,-0.04,0.0,-0.06,0.07
4.772132873535156,-0.03,-0.01,-0.05,0.05
4.782283782958984,-0.04,-0.02,-0.01,0.04
4.792097091674805,-0.03,-0.03,0.0,0.04
4.805166959762573,-0.02,-0.03,-0.01,0.03
4.811949968338013,-0.04,-0.01,-0.01,0.04
4.821820974349976,-0.06,-0.02,-0.01,0.06
4.831904888153076,-0.04,-0.03,-0.04,0.06
4.841880798339844,-0.05,-0.04,-0.04,0.07
4.8547539710998535,-0.03,-0.04,-0.04,0.06
4.8614888191223145,-0.01,-0.02,-0.06,0.06
4.8714599609375,0.03,0.01,-0.05,0.05
4.881363868713379,0.04,0.01,0.02,0.04
4.891248941421509,0.03,0.02,0.02,0.04
4.904396057128906,0.03,0.03,-0.05,0.06
4.9111199378967285,0.02,0.03,-0.05,0.06
4.921231985092163,-0.01,0.01,-0.07,0.07
4.931214809417725,-0.04,0.01,-0.1,0.1
4.940891981124878,-0.04,0.01,-0.1,0.1
4.954123020172119,-0.04,0.02,-0.11,0.11
4.960876941680908,-0.04,0.02,-0.1,0.1
4.970822811126709,-0.03,0.02,-0.07,0.07
4.980863094329834,0.01,0.02,-0.03,0.03
4.9907097816467285,0.01,-0.02,0.07,0.07
5.003765106201172,-0.01,-0.01,0.04,0.04
5.010514974594116,0.02,0.03,0.03,0.04
5.0204758644104,0.03,0.0,0.1,0.1
5.030484914779663,-0.04,-0.02,0.08,0.09
5.040432929992676,-0.09,0.0,-0.03,0.09
5.053573131561279,-0.13,-0.02,-0.1,0.16
5.060194969177246,-0.14,-0.04,-0.1,0.17
5.0700929164886475,-0.13,0.01,-0.07,0.14
5.080148935317993,-0.1,0.02,-0.03,0.1
5.090035915374756,-0.05,-0.01,-0.02,0.05
5.1030988693237305,-0.01,-0.01,-0.04,0.04
5.109802961349487,0.01,0.0,-0.03,0.03
5.119555950164795,0.02,0.0,-0.03,0.03
5.1298298835754395,0.02,-0.01,-0.02,0.03
5.1395769119262695,0.03,-0.01,0.0,0.03
5.152516841888428,0.02,0.01,-0.03,0.03
5.159392833709717,0.01,-0.01,-0.03,0.03
5.169314861297607,0.01,0.01,-0.02,0.02
5.179395914077759,-0.01,0.03,-0.05,0.05
5.189181804656982,0.02,0.03,-0.05,0.06
5.202142000198364,0.0,0.01,-0.04,0.04
5.209141969680786,-0.03,0.02,-0.04,0.05
5.219012975692749,-0.04,0.03,-0.05,0.07
5.229110956192017,-0.02,0.04,-0.04,0.06
5.23872184753418,-0.03,0.04,-0.03,0.05
5.251702785491943,-0.02,0.03,0.02,0.04
5.258724927902222,-0.01,-0.01,0.1,0.1
5.268556118011475,0.03,-0.03,0.1,0.1
5.278685092926025,0.1,-0.05,0.16,0.19
5.2884979248046875,0.16,-0.07,0.23,0.28
5.3011579513549805,0.25,-0.07,0.31,0.4
5.3082849979400635,0.25,-0.08,0.28,0.38
5.318260908126831,0.22,-0.12,0.17,0.3
5.328402996063232,0.15,-0.15,0.08,0.22
5.3381969928741455,0.07,-0.19,0.18,0.27
5.351139068603516,-0.09,-0.23,0.33,0.41
5.3580498695373535,-0.18,-0.31,0.46,0.58
5.36795711517334,-0.07,-0.38,0.93,1.0
5.3779120445251465,0.27,-0.49,1.29,1.4
5.388000965118408,0.6,-0.46,1.58,1.75
5.400322914123535,0.92,-0.4,2.05,2.28
5.407707929611206,1.11,-0.31,2.47,2.72
5.417565822601318,1.09,-0.03,2.84,3.04
5.427628993988037,0.82,0.19,2.82,2.94
5.437472820281982,0.89,0.9,3.54,3.75
5.450088024139404,0.65,1.74,3.55,4.0
5.4572858810424805,0.72,2.24,3.54,4.25
5.467270851135254,0.83,2.67,3.37,4.37
5.477276802062988,0.67,3.02,2.93,4.26
5.487093925476074,0.55,3.62,2.95,4.7
5.499622821807861,0.17,4.46,2.64,5.18
5.506989002227783,-0.47,5.29,2.24,5.76
5.516873836517334,-1.25,6.11,2.06,6.56
5.526905059814453,-1.81,6.99,2.03,7.5
5.536812782287598,-2.56,7.67,2.07,8.34
5.549300909042358,-3.15,8.29,2.01,9.09
5.556813955307007,-3.65,8.61,2.48,9.67
5.567347049713135,-4.27,8.69,2.88,10.1
5.576523780822754,-4.49,8.72,2.94,10.23
5.586612939834595,-5.2,9.18,3.04,10.97
5.599386930465698,-6.51,10.18,3.23,12.5
5.606319904327393,-7.72,11.14,2.96,13.87
5.616427898406982,-8.91,11.57,1.84,14.71
5.626370906829834,-9.91,11.49,1.48,15.24
5.6362199783325195,-10.08,10.55,1.28,14.64
5.648988962173462,-9.79,8.96,1.03,13.31
5.656245946884155,-9.7,7.74,1.02,12.45
5.666036128997803,-9.44,6.87,1.47,11.76
5.675939083099365,-9.28,5.88,1.94,11.15
5.685941934585571,-8.58,3.95,2.75,9.83
5.698612928390503,-7.24,1.2,3.58,8.16
5.705964088439941,-4.99,-1.98,3.66,6.49
5.715764999389648,-3.07,-5.43,3.72,7.26
5.725852966308594,-1.2,-8.66,3.74,9.5
5.7356438636779785,0.77,-12.05,3.77,12.64
5.748153924942017,2.26,-16.06,3.34,16.55
5.755523920059204,3.47,-19.28,2.98,19.81
5.765293121337891,4.94,-21.65,2.45,22.34
5.775268077850342,6.63,-22.86,1.51,23.84
5.78576397895813,8.8,-21.29,0.26,23.03
5.79752779006958,10.82,-17.58,-1.1,20.67
5.8051369190216064,12.47,-13.13,-1.77,18.19
5.814980983734131,13.53,-9.65,-1.23,16.66
5.824891090393066,14.05,-7.32,0.03,15.84
5.834994792938232,13.68,-5.6,1.4,14.84
5.8474860191345215,12.03,-5.07,2.36,13.26
5.8547868728637695,9.56,-5.71,3.18,11.58
5.864789009094238,6.78,-7.3,3.87,10.68
5.874504089355469,3.71,-8.76,3.69,10.2
5.884422779083252,0.5,-9.77,3.06,10.25
5.896903991699219,-1.66,-10.92,2.77,11.38
5.904298782348633,-2.78,-11.66,2.36,12.21
5.914240837097168,-3.12,-11.76,2.28,12.37
5.92428994178772,-2.99,-11.51,2.23,12.09
5.934002876281738,-2.75,-11.12,2.1,11.64
5.946667909622192,-2.31,-10.61,2.0,11.04
5.954061985015869,-1.52,-10.17,1.51,10.39
5.96388578414917,-1.24,-9.87,0.9,9.98
5.9739909172058105,-1.0,-8.94,0.17,8.99
5.983838081359863,-0.46,-7.79,-0.81,7.84
5.996557950973511,-0.83,-6.63,-1.68,6.88
6.003732919692993,-1.56,-4.74,-2.34,5.51
6.013609886169434,-1.92,-3.18,-2.79,4.64
6.023591041564941,-2.63,-2.15,-3.45,4.84
6.033643007278442,-3.85,-1.65,-3.95,5.75
6.0461320877075195,-4.25,-1.32,-2.64,5.17
6.05337381362915,-4.73,-0.3,-2.38,5.3
6.063313961029053,-5.09,0.85,-3.15,6.04
6.0732340812683105,-4.69,1.59,-3.63,6.14
6.083303928375244,-4.08,2.07,-3.44,5.72
6.0958380699157715,-3.55,2.97,-3.14,5.59
6.103058815002441,-3.08,3.47,-3.42,5.76
6.112884044647217,-3.14,3.07,-2.84,5.22
6.122986793518066,-3.21,2.97,-1.75,4.71
6.132701873779297,-2.6,3.26,-1.24,4.35
6.145474910736084,-2.19,3.32,-0.92,4.08
6.15263295173645,-2.05,2.97,-0.5,3.64
6.162475109100342,-1.75,2.83,-0.12,3.32
6.172663927078247,-1.53,3.22,-0.12,3.56
6.182458877563477,-1.51,4.12,-0.05,4.38
6.195312976837158,-1.43,4.81,0.26,5.02
6.202362060546875,-1.46,4.72,0.43,4.95
6.2121357917785645,-1.52,4.29,0.58,4.58
6.222169876098633,-1.53,3.72,0.83,4.1
6.2320051193237305,-1.9,3.17,1.32,3.92
6.244629859924316,-2.24,3.0,1.8,4.15
6.252058982849121,-1.91,2.94,2.04,4.05
6.261670112609863,-1.52,2.83,1.78,3.67
6.271841049194336,-1.28,2.69,1.61,3.38
6.281933784484863,-0.83,2.49,1.95,3.26
6.294277906417847,-0.33,2.41,1.9,3.08
6.301666975021362,0.0,2.43,1.48,2.84
6.311316967010498,0.09,2.33,1.48,2.76
6.321597099304199,0.02,2.28,1.31,2.62
6.331341981887817,0.02,2.25,1.07,2.49
6.34434700012207,-0.24,2.2,1.14,2.48
6.351311922073364,-0.44,2.25,1.24,2.6
6.3610100746154785,-0.38,2.15,1.1,2.44
6.371205806732178,-0.36,1.8,0.9,2.04
6.380990028381348,-0.46,1.48,0.78,1.73
6.393842935562134,-0.53,1.28,0.88,1.64
6.400974988937378,-0.46,1.17,0.9,1.54
6.41059684753418,-0.46,1.09,0.65,1.34
6.420951843261719,-0.55,1.03,0.39,1.23
6.430716037750244,-0.62,0.9,0.31,1.13
6.443535804748535,-0.74,0.8,0.33,1.13
6.450588941574097,-0.85,0.75,0.23,1.15
6.460352897644043,-0.89,0.67,0.03,1.11
6.4706079959869385,-0.99,0.58,0.01,1.14
6.480349063873291,-0.96,0.52,0.0,1.09
6.493003845214844,-0.79,0.45,0.0,0.9
6.50019097328186,-0.76,0.54,-0.02,0.93
6.510048866271973,-0.69,0.65,-0.06,0.94
6.520162105560303,-0.53,0.64,-0.12,0.83
6.529982089996338,-0.37,0.51,-0.26,0.68
6.542542934417725,-0.24,0.35,-0.37,0.56
6.549921989440918,-0.23,0.33,-0.41,0.57
6.559675931930542,-0.23,0.29,-0.34,0.5
6.569930076599121,-0.19,0.21,-0.3,0.41
6.579753875732422,-0.18,0.19,-0.25,0.36
6.592249870300293,-0.2,0.19,-0.26,0.37
6.599524021148682,-0.23,0.12,-0.33,0.41
6.609455108642578,-0.15,0.04,-0.24,0.28
6.6194658279418945,-0.15,0.03,-0.04,0.15
6.629226922988892,-0.17,0.09,0.07,0.2
6.642058849334717,-0.15,0.11,0.12,0.22
6.649296998977661,-0.16,0.07,0.09,0.19
6.658984899520874,-0.18,0.02,0.05,0.18
6.669177055358887,-0.19,0.03,0.11,0.22
6.6789140701293945,-0.26,-0.04,0.14,0.29
6.6917619705200195,-0.27,-0.13,-0.02,0.3
6.698962926864624,-0.24,-0.18,-0.17,0.34
6.708623886108398,-0.28,-0.2,-0.15,0.37
6.718864917755127,-0.25,-0.16,-0.12,0.32
6.728592872619629,-0.13,-0.17,-0.23,0.31
6.741436004638672,-0.08,-0.25,-0.24,0.35
6.748365879058838,-0.07,-0.21,-0.18,0.28
6.75826096534729,-0.09,-0.12,-0.12,0.19
6.7685370445251465,-0.03,-0.09,-0.09,0.13
6.778195858001709,0.02,-0.09,-0.2,0.22
6.791031837463379,0.0,-0.07,-0.17,0.18
6.798183917999268,-0.05,-0.01,-0.15,0.15
6.808024883270264,-0.15,0.0,-0.3,0.33
6.818233966827393,-0.2,0.04,-0.26,0.33
6.827983856201172,-0.25,0.09,-0.24,0.35
6.84076189994812,-0.29,0.13,-0.28,0.42
6.847777843475342,-0.28,0.1,-0.24,0.38
6.8575599193573,-0.28,0.02,-0.15,0.31
6.867754936218262,-0.22,0.02,-0.07,0.23
6.877513885498047,-0.15,0.0,0.02,0.15
6.89021897315979,-0.15,0.01,-0.02,0.15
6.8975019454956055,-0.13,0.02,0.01,0.13
6.907278060913086,-0.11,0.03,0.04,0.12
6.91743278503418,-0.2,0.03,-0.08,0.21
6.927011966705322,-0.27,0.03,-0.06,0.27
6.940083980560303,-0.25,0.04,0.06,0.26
6.94712495803833,-0.15,0.03,0.08,0.17
6.956877946853638,-0.03,-0.01,0.08,0.08
6.967278003692627,0.04,0.02,0.11,0.11
6.976863861083984,0.12,0.06,0.09,0.16
6.9897239208221436,0.17,0.06,0.07,0.19
6.996675968170166,0.15,0.06,0.05,0.16
7.006540775299072,0.1,0.06,0.03,0.12
7.016752004623413,0.07,0.06,0.06,0.11
7.026430130004883,0.12,0.09,0.07,0.16
7.039200782775879,0.12,0.06,0.04,0.13
7.046353816986084,0.11,0.05,-0.01,0.12
7.056113958358765,0.12,0.05,-0.01,0.13
7.0661940574646,0.13,0.05,-0.01,0.13
7.076140880584717,0.11,0.04,-0.04,0.12
7.088996887207031,0.03,0.05,-0.05,0.07
7.09601092338562,-0.02,0.06,-0.04,0.07
7.10591197013855,-0.03,0.04,-0.01,0.05
7.1160430908203125,-0.04,0.02,-0.04,0.06
7.1258769035339355,-0.04,0.01,-0.11,0.11
7.138622999191284,-0.04,-0.02,-0.14,0.14
7.145620822906494,-0.04,-0.05,-0.09,0.11
7.155555963516235,-0.06,-0.03,-0.09,0.11
7.165646076202393,-0.11,-0.02,-0.14,0.17
7.1754608154296875,-0.14,-0.01,-0.13,0.19
7.188374042510986,-0.16,-0.02,-0.14,0.21
7.195239067077637,-0.18,-0.05,-0.13,0.22
7.2051990032196045,-0.19,-0.04,-0.13,0.23
7.215260982513428,-0.23,-0.07,-0.15,0.28
7.225109100341797,-0.23,-0.08,-0.17,0.29
7.238056898117065,-0.24,-0.07,-0.15,0.29
7.244773864746094,-0.2,-0.07,-0.14,0.25
7.254914999008179,-0.18,-0.05,-0.12,0.22
7.265082836151123,-0.1,-0.04,-0.06,0.12
7.27472996711731,-0.03,-0.03,-0.04,0.05
7.28778600692749,0.03,-0.04,0.05,0.07
7.294654846191406,0.06,-0.01,0.15,0.16
7.304538011550903,0.09,0.02,0.05,0.1
7.3147358894348145,0.05,0.0,0.01,0.05
7.3244428634643555,-0.02,0.03,0.11,0.11
7.337109088897705,-0.05,0.09,0.1,0.14
7.344192981719971,-0.04,0.05,0.05,0.08
7.354238033294678,-0.02,0.02,0.1,0.1
7.364105939865112,-0.02,0.02,0.14,0.14
7.374055862426758,-0.04,0.01,0.06,0.07
7.386985778808594,0.0,-0.01,0.08,0.08
7.393805027008057,0.03,-0.01,0.08,0.08
7.403789043426514,-0.01,0.0,0.02,0.02
7.413945913314819,-0.02,0.05,0.03,0.06
7.423677921295166,-0.02,0.07,-0.05,0.08
7.436707019805908,-0.08,0.02,-0.06,0.1
7.443579912185669,-0.11,0.0,0.01,0.11
7.45346999168396,-0.11,0.03,-0.05,0.12
7.463543891906738,-0.11,0.0,-0.03,0.11
7.4734368324279785,-0.09,0.0,0.05,0.1
7.486227035522461,-0.07,0.0,-0.02,0.07
7.493137836456299,-0.11,0.0,-0.04,0.11
7.503222942352295,-0.14,0.03,-0.08,0.16
7.513161897659302,-0.13,0.04,-0.1,0.16
7.5231218338012695,-0.07,0.02,-0.06,0.09
7.535987854003906,-0.08,0.01,-0.02,0.08
7.542804002761841,-0.05,0.03,-0.02,0.06
7.5527379512786865,0.0,0.02,-0.01,0.02
7.562866926193237,-0.01,0.0,0.02,0.02
7.572511911392212,-0.03,-0.02,0.06,0.06
7.58553409576416,-0.08,-0.04,0.06,0.1
7.592480897903442,-0.11,-0.07,-0.04,0.13
7.602394104003906,-0.11,-0.07,-0.01,0.13
7.612566947937012,-0.11,-0.06,0.0,0.12
7.6223719120025635,-0.08,-0.07,-0.03,0.11
7.63510799407959,-0.05,-0.05,-0.07,0.09
7.642102956771851,-0.07,-0.03,-0.12,0.14
7.652173042297363,-0.06,0.0,-0.17,0.18
7.662047863006592,-0.04,0.0,-0.16,0.16
7.672048091888428,-0.07,-0.02,-0.15,0.16
7.684785842895508,-0.13,-0.03,-0.16,0.2
7.691775798797607,-0.15,-0.02,-0.14,0.2
7.70180082321167,-0.14,-0.03,-0.09,0.16
7.711679935455322,-0.05,-0.02,-0.06,0.08
7.721677780151367,0.01,-0.03,-0.07,0.07
7.734591960906982,0.05,-0.02,-0.12,0.13
7.741542816162109,0.04,0.02,-0.14,0.14
7.7514328956604,0.01,0.05,-0.09,0.1
7.761402130126953,0.0,0.04,-0.07,0.08
7.771515846252441,0.02,0.02,-0.08,0.08
7.784366130828857,0.03,0.03,-0.11,0.11
7.791089057922363,0.04,0.03,-0.1,0.11
7.8010759353637695,0.04,0.0,-0.04,0.05
7.8111279010772705,0.04,0.01,-0.06,0.07
7.820971965789795,0.01,0.0,-0.1,0.1
7.833911895751953,-0.03,-0.02,-0.08,0.08
7.840824127197266,-0.05,-0.03,-0.08,0.09
7.850608825683594,-0.07,-0.03,-0.08,0.11
7.86067795753479,-0.09,-0.03,-0.06,0.11
7.870711803436279,-0.09,-0.05,-0.05,0.11
7.883401870727539,-0.06,-0.05,-0.04,0.08
7.890337944030762,-0.06,-0.04,-0.04,0.08
7.900255918502808,-0.06,-0.06,-0.03,0.09
7.9104249477386475,-0.09,-0.06,-0.05,0.11
7.920355796813965,-0.12,-0.07,-0.03,0.14
7.933176040649414,-0.14,-0.06,-0.02,0.15
7.94007682800293,-0.19,-0.06,-0.02,0.2
7.949978828430176,-0.19,-0.04,0.01,0.19
7.960145950317383,-0.18,-0.03,-0.03,0.18
7.9700608253479,-0.15,-0.04,0.02,0.15
7.982687950134277,-0.1,-0.03,0.04,0.11
7.989908933639526,-0.07,0.01,0.0,0.07
7.999676942825317,-0.05,0.03,-0.02,0.06
8.009687900543213,-0.07,0.04,-0.02,0.08
8.019545078277588,-0.11,0.06,-0.02,0.12
8.032249927520752,-0.14,0.08,-0.02,0.16
8.039453029632568,-0.13,0.09,-0.04,0.16
8.04939889907837,-0.12,0.06,-0.12,0.18
8.059334993362427,-0.11,0.03,-0.07,0.13
8.069200038909912,-0.08,0.02,-0.1,0.12
8.08201789855957,-0.12,-0.01,-0.14,0.18
8.089099884033203,-0.14,0.0,-0.08,0.16
8.09883999824524,-0.1,0.0,-0.06,0.11
8.108989953994751,-0.07,-0.04,-0.02,0.08
8.118839979171753,-0.09,-0.03,-0.01,0.09
8.131548881530762,-0.1,0.0,-0.04,0.1
8.138719081878662,-0.1,-0.01,0.04,0.1
8.148684978485107,-0.09,-0.02,0.03,0.09
8.158544063568115,-0.08,-0.02,0.04,0.09
8.168683052062988,-0.05,-0.03,0.08,0.09
8.181150913238525,-0.06,-0.02,0.02,0.06
8.188490867614746,-0.05,0.0,0.01,0.05
8.19823408126831,-0.07,-0.02,0.01,0.07
8.208296775817871,-0.07,-0.03,0.0,0.07
8.218306064605713,-0.09,-0.04,0.02,0.1
8.230834007263184,-0.1,-0.02,-0.03,0.1
8.238164901733398,0.01,-0.01,-0.02,0.02
8.247914791107178,0.0,-0.01,-0.04,0.04
8.25793981552124,0.0,0.01,-0.07,0.07
8.267813920974731,-0.01,-0.01,-0.07,0.07
8.280486106872559,-0.04,-0.02,-0.11,0.11
8.287822961807251,-0.03,-0.01,-0.12,0.12
8.297515869140625,0.01,-0.03,-0.07,0.07
8.307524919509888,-0.01,-0.06,-0.06,0.08
8.317508935928345,-0.01,-0.07,-0.03,0.07
8.330188989639282,-0.02,-0.09,-0.02,0.09
8.337477922439575,-0.05,-0.08,-0.11,0.14
8.347288131713867,-0.06,-0.07,-0.08,0.12
8.357250928878784,-0.07,-0.05,-0.13,0.15
8.367228031158447,-0.09,-0.02,-0.16,0.18
8.379786968231201,-0.05,0.02,-0.1,0.11
8.387022972106934,-0.03,0.08,-0.1,0.13
8.396867990493774,0.01,0.07,-0.08,0.1
8.40688180923462,0.01,0.05,-0.06,0.07
8.416844844818115,0.02,0.05,-0.03,0.06
8.42952299118042,-0.04,0.03,-0.09,0.1
8.436697006225586,-0.06,0.0,-0.05,0.07
8.446588039398193,-0.11,-0.01,0.02,0.11
8.456423997879028,-0.13,0.0,0.01,0.13
8.466490983963013,-0.12,0.0,-0.03,0.12
8.478899002075195,-0.1,-0.01,-0.05,0.11
8.48629903793335,-0.08,0.0,-0.02,0.08
8.495918989181519,-0.05,0.01,0.01,0.05
8.506114959716797,-0.05,-0.01,-0.02,0.05
8.516048908233643,-0.06,-0.01,-0.03,0.06
8.528911113739014,-0.1,0.0,0.04,0.1
8.536036014556885,-0.15,0.0,0.03,0.15
8.545756816864014,-0.14,-0.02,0.03,0.14
8.555824995040894,-0.15,-0.05,0.05,0.16
8.5659019947052,-0.16,-0.07,0.07,0.18
8.578397989273071,-0.16,-0.07,0.02,0.17
8.585712909698486,-0.09,-0.08,-0.05,0.13
8.595371007919312,-0.06,-0.06,-0.07,0.11
8.605369091033936,-0.05,-0.02,-0.1,0.11
8.615304946899414,-0.05,0.0,-0.15,0.15
8.62778377532959,-0.08,0.01,-0.18,0.19
8.635162830352783,-0.08,0.05,-0.16,0.18
8.645121097564697,-0.07,0.06,-0.13,0.15
8.655058860778809,-0.08,0.04,-0.13,0.15
8.665056943893433,-0.1,0.02,-0.11,0.15
8.677732944488525,-0.06,-0.01,-0.05,0.07
8.684943914413452,-0.03,-0.03,0.03,0.05
8.69448184967041,-0.03,-0.04,0.05,0.07
8.704762935638428,-0.04,-0.06,0.08,0.1
8.714713096618652,-0.03,-0.05,0.05,0.07
8.72711706161499,0.02,-0.02,0.06,0.06
8.734549045562744,0.01,-0.01,0.08,0.08
8.744446992874146,-0.01,0.05,0.03,0.05
8.754592895507812,0.01,0.07,0.0,0.07
8.764354944229126,-0.01,0.04,-0.05,0.06
8.77678108215332,-0.03,0.02,-0.08,0.08
8.784157991409302,-0.02,0.01,-0.08,0.08
8.794105052947998,-0.04,-0.04,-0.08,0.09
8.804111957550049,-0.06,-0.05,-0.03,0.08
8.813870906829834,-0.09,-0.05,-0.03,0.1
8.826786994934082,-0.07,-0.07,-0.09,0.13
8.833984851837158,-0.06,-0.07,-0.08,0.12
8.843553066253662,-0.07,-0.04,-0.09,0.12
8.853880882263184,-0.04,-0.01,-0.06,0.07
8.863566875457764,-0.06,-0.01,-0.08,0.1
8.876019954681396,-0.06,-0.01,-0.07,0.09
8.883350849151611,-0.05,-0.01,-0.07,0.08
8.893312931060791,-0.09,-0.02,-0.1,0.13
8.903352975845337,-0.12,-0.01,-0.08,0.14
8.913272857666016,-0.15,-0.02,-0.08,0.17
8.92612886428833,-0.14,-0.04,-0.08,0.16
8.933205127716064,-0.11,-0.03,-0.06,0.12
8.942965984344482,-0.08,-0.03,-0.05,0.09
8.953166961669922,-0.01,-0.04,-0.04,0.05
8.963089942932129,-0.04,-0.02,-0.06,0.07
8.975753784179688,-0.05,0.0,-0.01,0.05
8.982812881469727,-0.05,0.02,-0.04,0.06
8.992612838745117,-0.06,0.0,-0.01,0.06
9.002766132354736,-0.07,-0.01,-0.03,0.07
9.012632846832275,-0.06,-0.01,-0.02,0.06
9.02576494216919,-0.04,-0.02,0.0,0.04
9.032601833343506,-0.01,-0.01,0.0,0.01
9.042298793792725,0.01,0.0,-0.03,0.03
9.052737951278687,0.0,0.02,-0.08,0.08
9.062244892120361,-0.04,0.04,-0.09,0.1
9.075217962265015,-0.06,0.05,-0.09,0.11
9.082130908966064,-0.08,0.05,-0.07,0.11
9.091912984848022,-0.11,0.02,-0.08,0.13
9.102037906646729,-0.12,-0.01,-0.04,0.12
9.111734867095947,-0.1,-0.02,-0.04,0.1
9.124628067016602,-0.09,-0.06,-0.07,0.12
9.131762981414795,-0.06,-0.07,-0.02,0.09
9.141528129577637,-0.06,-0.06,-0.03,0.09
9.151834964752197,-0.07,-0.05,-0.02,0.08
9.1613609790802,-0.05,-0.05,0.03,0.07
9.174385070800781,-0.05,-0.03,0.05,0.07
9.18144702911377,-0.04,-0.04,0.03,0.06
9.191198825836182,-0.04,-0.05,-0.02,0.06
9.201225996017456,-0.04,-0.01,-0.04,0.05
9.211246967315674,-0.05,0.0,-0.02,0.05
9.224118947982788,-0.06,0.0,-0.08,0.1
9.231148958206177,-0.07,0.01,-0.12,0.13
9.240777015686035,-0.07,0.02,-0.12,0.14
9.251099109649658,-0.07,0.0,-0.11,0.13
9.260886907577515,-0.05,0.01,-0.13,0.13
9.273828983306885,-0.03,-0.01,-0.1,0.1
9.280717849731445,-0.02,-0.02,-0.01,0.03
9.290557861328125,-0.04,-0.01,-0.02,0.04
9.300686836242676,-0.06,-0.03,-0.05,0.08
9.310650825500488,-0.05,-0.04,-0.04,0.07
9.323393821716309,-0.07,-0.04,0.03,0.08
9.330461978912354,-0.1,-0.03,0.05,0.11
9.340121984481812,-0.11,-0.03,-0.03,0.11
9.350260972976685,-0.07,-0.02,-0.04,0.08
9.36022400856018,-0.04,-0.03,-0.02,0.05
9.373143911361694,-0.05,-0.02,-0.02,0.05
9.380094051361084,-0.04,-0.01,-0.03,0.05
9.389678001403809,0.0,-0.01,-0.01,0.01
9.399647951126099,0.0,0.0,0.04,0.04
9.409761905670166,-0.03,0.01,0.03,0.04
9.422663927078247,-0.04,0.0,0.0,0.04
9.429659843444824,-0.04,0.0,0.04,0.05
9.439471006393433,-0.07,-0.01,0.0,0.07
9.449739933013916,-0.06,0.0,-0.08,0.1
9.459382057189941,-0.04,0.01,-0.1,0.1
9.472312927246094,-0.02,0.0,-0.1,0.1
9.479308128356934,-0.01,0.0,-0.06,0.06
9.489160060882568,-0.01,0.03,-0.08,0.08
9.49918794631958,-0.01,0.02,-0.1,0.1
9.509121894836426,0.01,-0.02,-0.06,0.06
9.521944999694824,0.0,-0.03,-0.1,0.1
9.529032945632935,-0.03,-0.02,-0.14,0.14
9.538862943649292,-0.04,-0.02,-0.11,0.11
9.548900127410889,-0.05,-0.02,-0.08,0.09
9.55875301361084,-0.07,-0.01,-0.1,0.12
9.571557998657227,-0.1,0.01,-0.07,0.12
9.578670024871826,-0.13,-0.01,-0.03,0.13
9.588573932647705,-0.12,0.01,-0.01,0.12
9.598474025726318,-0.1,0.01,0.01,0.1
9.608484983444214,-0.09,-0.03,0.05,0.1
9.621255874633789,-0.07,-0.05,0.05,0.09
9.628144979476929,-0.08,-0.04,-0.02,0.09
9.638219833374023,-0.03,-0.03,0.05,0.06
9.648161888122559,-0.02,-0.04,0.07,0.08
9.658106803894043,-0.01,-0.03,-0.03,0.04
9.670875072479248,0.0,-0.03,-0.01,0.03
9.677895069122314,-0.04,0.02,0.03,0.05
9.687927007675171,-0.07,0.1,-0.03,0.12
9.69800591468811,-0.13,0.09,-0.02,0.15
9.707727909088135,-0.15,0.14,0.05,0.21
9.72065782546997,-0.18,0.16,0.03,0.24
9.727508068084717,-0.18,0.1,0.07,0.21
9.737478971481323,-0.18,0.06,0.08,0.2
9.747648000717163,-0.17,0.04,-0.01,0.17
9.757489919662476,-0.19,0.03,-0.08,0.2
9.770447969436646,-0.16,0.09,-0.11,0.21
9.777095794677734,-0.13,0.14,-0.09,0.21
9.787198066711426,-0.11,0.2,-0.03,0.23
9.79723310470581,-0.13,0.28,0.04,0.31
9.806916952133179,-0.11,0.29,0.12,0.33
9.819861888885498,-0.15,0.24,0.19,0.34
9.827276945114136,-0.2,0.25,0.24,0.4
9.836785793304443,-0.22,0.28,0.28,0.45
9.846841812133789,-0.2,0.32,0.3,0.48
9.85672378540039,-0.03,0.42,0.4,0.58
9.869522094726562,0.17,0.51,0.45,0.7
9.87656307220459,0.27,0.6,0.51,0.83
9.88651180267334,0.32,0.76,0.65,1.05
9.896512985229492,0.39,0.93,0.86,1.32
9.906304836273193,0.33,1.05,0.97,1.46
9.91930103302002,0.28,1.36,0.8,1.6
9.92628002166748,0.34,1.95,0.66,2.08
9.936055898666382,0.45,2.56,0.58,2.66
9.946179866790771,0.39,3.08,0.47,3.13
9.956120014190674,0.3,3.58,0.21,3.59
9.968923091888428,0.04,3.86,0.06,3.86
9.975922107696533,-0.33,4.18,0.18,4.19
9.985692977905273,-1.12,4.94,0.44,5.08
9.995811939239502,-2.22,5.96,0.73,6.4
10.00560998916626,-2.56,6.61,1.04,7.16
10.018072128295898,-3.16,7.18,0.86,7.89
10.025352954864502,-4.19,8.25,0.93,9.29
10.035460948944092,-4.68,9.34,1.26,10.52
10.045468807220459,-5.78,10.18,1.68,11.82
10.05542802810669,-7.41,11.19,2.18,13.59
10.067970991134644,-8.83,12.2,2.89,15.33
10.07532787322998,-10.15,13.01,2.94,16.76
10.085547924041748,-10.7,13.44,2.57,17.37
10.09528398513794,-10.56,13.75,2.22,17.47
10.10488510131836,-9.39,13.06,2.22,16.23
10.117785930633545,-8.37,11.15,1.59,14.03
10.124748945236206,-6.93,8.98,0.64,11.36
10.134809970855713,-5.02,5.71,1.08,7.67
10.144652843475342,-3.26,1.25,2.11,4.07
10.154804944992065,-1.5,-3.24,3.38,4.91
10.167337894439697,0.08,-7.19,4.18,8.31
10.174537897109985,0.97,-10.64,5.29,11.92
10.184386968612671,1.84,-13.44,5.84,14.76
10.194685935974121,2.98,-16.43,5.41,17.55
10.20446491241455,4.73,-19.2,4.15,20.2
10.217360019683838,7.09,-20.82,2.08,22.09
10.223835945129395,9.47,-20.81,-1.52,22.91
10.234076976776123,10.93,-18.3,-5.01,21.89
10.243956089019775,11.33,-13.65,-7.24,19.16
10.254034996032715,11.29,-9.02,-8.4,16.71
10.266739845275879,11.31,-6.36,-7.96,15.22
10.273775100708008,11.18,-5.33,-6.15,13.82
10.283735990524292,10.13,-5.13,-3.97,12.02
10.29367208480835,7.7,-5.75,-0.59,9.62
10.303716897964478,4.12,-7.57,2.77,9.05
10.316329956054688,-0.23,-9.67,4.98,10.87
10.323244094848633,-3.95,-11.33,6.59,13.68
10.333581924438477,-6.16,-12.42,7.49,15.75
10.340435028076172,-7.1,-13.02,7.19,16.48
10.350483894348145,-7.61,-13.45,7.28,17.08
10.362864017486572,-6.7,-13.12,6.89,16.26
10.370337963104248,-4.96,-12.49,6.32,14.85
10.380344867706299,-2.64,-11.89,5.17,13.23
10.390278816223145,-0.82,-10.84,3.88,11.54
10.40021800994873,0.51,-9.75,2.83,10.16
10.412578105926514,1.51,-9.1,2.24,9.49
10.420011043548584,2.02,-8.32,1.54,8.69
10.42997694015503,2.18,-7.19,0.41,7.52
10.439899921417236,2.28,-5.92,-0.68,6.38
10.449810981750488,2.12,-4.62,-1.44,5.28
10.462254047393799,1.44,-3.1,-2.07,3.99
10.469659805297852,0.63,-1.51,-2.34,2.85
10.479403018951416,-0.36,-0.44,-2.23,2.3
10.489572048187256,-0.7,0.07,-1.59,1.73
10.499475955963135,-0.89,-0.09,-1.04,1.37
10.511729955673218,-2.08,0.14,-0.66,2.18
10.519293785095215,-2.87,0.99,0.0,3.03
10.529268980026245,-2.67,1.9,0.58,3.32
10.53916311264038,-2.62,2.74,0.62,3.84
10.549205780029297,-2.43,3.16,0.92,4.09
10.561596870422363,-2.24,3.22,1.19,4.09
10.569082975387573,-2.34,3.35,0.87,4.17
10.578748941421509,-2.54,3.41,0.54,4.28
10.588884830474854,-3.31,3.47,0.36,4.8
10.598810911178589,-3.94,3.64,0.15,5.36
10.611422061920166,-3.88,3.69,-0.45,5.37
10.618667125701904,-3.54,3.52,-1.06,5.1
10.62850284576416,-3.24,3.35,-1.3,4.83
10.638576030731201,-2.86,3.47,-1.24,4.66
10.648741960525513,-2.36,3.97,-0.76,4.68
10.661330938339233,-1.74,4.76,-0.4,5.08
10.668251991271973,-1.13,5.34,-0.15,5.46
10.67818307876587,-0.53,5.37,0.32,5.4
10.688156127929688,-0.05,4.99,0.65,5.03
10.69805908203125,0.18,4.43,0.7,4.48
10.710510969161987,0.16,3.75,0.97,3.87
10.717934131622314,0.19,3.49,1.5,3.8
10.7276611328125,0.26,3.46,2.0,4.0
10.73787784576416,0.3,3.47,2.34,4.19
10.747695922851562,0.4,3.32,2.42,4.12
10.760196924209595,0.37,2.98,2.34,3.8
10.767537117004395,0.22,2.63,2.03,3.32
10.777441024780273,0.21,2.32,1.68,2.87
10.787444114685059,0.18,2.13,1.29,2.49
10.797482967376709,0.04,2.02,1.02,2.26
10.809904098510742,-0.12,1.87,0.98,2.11
10.817235946655273,-0.22,1.78,1.09,2.09
10.827054977416992,-0.11,1.73,1.12,2.06
10.837220907211304,0.04,1.75,1.05,2.04
10.847177982330322,0.06,1.78,0.81,1.95
10.859854936599731,0.09,1.57,0.54,1.66
10.86698293685913,0.11,1.29,0.32,1.33
10.876605987548828,-0.01,1.07,0.15,1.08
10.886811971664429,-0.37,1.01,-0.2,1.09
10.896724939346313,-0.49,1.04,-0.37,1.2
10.909265995025635,-0.47,0.91,-0.51,1.14
10.916533946990967,-0.48,0.62,-0.57,0.96
10.926409006118774,-0.5,0.42,-0.53,0.84
10.936945915222168,-0.51,0.37,-0.52,0.81
10.946339130401611,-0.57,0.35,-0.66,0.93
10.958971977233887,-0.53,0.24,-0.77,0.96
10.966197967529297,-0.48,0.03,-0.8,0.93
10.975944995880127,-0.49,-0.2,-0.82,0.97
10.986274003982544,-0.39,-0.3,-0.73,0.88
10.995995044708252,-0.29,-0.25,-0.52,0.64
11.008892059326172,-0.3,-0.13,-0.47,0.57
11.015870094299316,-0.31,-0.05,-0.56,0.64
11.025805950164795,-0.32,-0.11,-0.49,0.59
11.03596305847168,-0.3,-0.17,-0.41,0.53
11.045665979385376,-0.26,-0.13,-0.42,0.51
11.058497905731201,-0.25,-0.08,-0.35,0.43
11.065573930740356,-0.24,0.02,-0.32,0.4
11.075409889221191,-0.16,0.07,-0.16,0.23
11.085551977157593,-0.07,0.07,0.05,0.11
11.095465898513794,-0.04,0.1,0.02,0.1
11.10814380645752,-0.04,0.16,0.02,0.16
11.115423917770386,-0.08,0.15,0.17,0.24
11.12493085861206,-0.19,0.12,0.34,0.4
11.135223865509033,-0.18,0.15,0.26,0.35
11.144964933395386,-0.17,0.1,0.3,0.35
11.157909870147705,-0.16,0.05,0.36,0.39
11.164802074432373,-0.16,0.05,0.29,0.33
11.174690961837769,-0.15,0.04,0.26,0.3
11.184895038604736,-0.08,0.06,0.27,0.28
11.194590091705322,-0.03,0.08,0.41,0.41
11.207682132720947,-0.02,0.06,0.45,0.45
11.214643001556396,0.02,0.07,0.33,0.33
11.22428297996521,0.09,0.07,0.28,0.3
11.234611988067627,0.11,0.01,0.34,0.35
11.244477987289429,0.05,0.02,0.28,0.28
11.257229804992676,0.06,0.07,0.3,0.31
11.264156818389893,0.03,0.06,0.34,0.34
11.273950099945068,-0.04,0.07,0.3,0.31
11.284289836883545,-0.05,0.12,0.17,0.21
11.293919086456299,-0.04,0.1,0.1,0.14
11.306526899337769,-0.06,0.03,0.19,0.2
11.31401801109314,-0.07,0.06,0.24,0.25
11.323680877685547,-0.07,0.13,0.1,0.17
11.333815097808838,-0.02,0.12,-0.14,0.18
11.343564987182617,0.1,0.02,-0.1,0.14
11.356519937515259,0.09,-0.1,0.09,0.16
11.363460063934326,-0.07,-0.04,0.09,0.12
11.3734130859375,-0.18,0.09,-0.15,0.25
11.383497953414917,-0.18,0.1,-0.25,0.32
11.393319129943848,-0.15,0.02,-0.33,0.36
11.406239032745361,-0.14,-0.08,-0.39,0.42
11.413370132446289,-0.15,-0.11,-0.28,0.33
11.423061847686768,-0.09,-0.07,-0.22,0.24
11.43314790725708,-0.06,-0.08,-0.22,0.24
11.442945957183838,-0.07,-0.08,-0.21,0.23
11.455759048461914,-0.03,-0.05,-0.25,0.25
11.462857007980347,-0.09,-0.06,-0.31,0.32
11.47270393371582,-0.2,-0.07,-0.23,0.31
11.482867956161499,-0.28,-0.02,-0.14,0.31
11.49248194694519,-0.34,-0.02,-0.17,0.38
11.505454063415527,-0.34,-0.05,-0.15,0.37
11.512611865997314,-0.28,-0.1,-0.08,0.3
11.522442817687988,-0.22,-0.15,-0.05,0.27
11.53235387802124,-0.2,-0.18,0.02,0.26
11.54219388961792,-0.2,-0.15,0.03,0.25
11.555171012878418,-0.26,-0.15,0.05,0.3
11.561917781829834,-0.34,-0.11,0.05,0.36
11.572084903717041,-0.4,-0.1,0.07,0.41
11.58193302154541,-0.41,-0.12,0.13,0.44
11.592097997665405,-0.38,-0.1,0.08,0.4
11.604895114898682,-0.33,-0.09,0.07,0.34
11.61179780960083,-0.27,-0.08,0.13,0.31
11.621636867523193,-0.2,-0.03,0.11,0.23
11.631670951843262,-0.2,-0.02,0.18,0.26
11.641533851623535,-0.21,-0.01,0.17,0.27
11.654346942901611,-0.21,-0.02,0.08,0.22
11.661287784576416,-0.19,-0.02,0.1,0.21
11.671304941177368,-0.17,0.0,0.16,0.23
11.681368827819824,-0.15,0.01,0.16,0.21
11.691298961639404,-0.08,0.0,0.13,0.15
11.70418405532837,-0.05,0.01,0.02,0.05
11.710943937301636,-0.05,0.04,-0.1,0.11
11.720922946929932,0.0,0.08,-0.13,0.15
11.731001853942871,0.01,0.08,-0.14,0.16
11.740916967391968,-0.05,0.07,-0.13,0.15
11.753920078277588,-0.08,0.09,-0.14,0.18
11.760666847229004,-0.05,0.1,-0.05,0.12
11.77063512802124,-0.01,0.05,-0.01,0.05
11.780745029449463,0.04,0.01,-0.04,0.05
11.790586948394775,0.09,-0.01,-0.05,0.1
11.80341100692749,0.07,-0.04,-0.06,0.1
11.810411930084229,0.01,-0.05,0.01,0.05
11.82017183303833,-0.02,0.0,0.06,0.06
11.830265045166016,-0.07,0.0,-0.04,0.08
11.840236902236938,-0.14,-0.03,-0.07,0.15
11.853172779083252,-0.18,-0.05,-0.04,0.19
11.860060930252075,-0.16,-0.04,0.03,0.16
11.869962930679321,-0.15,-0.04,0.02,0.15
11.88003396987915,-0.17,-0.1,-0.02,0.19
11.889729022979736,-0.15,-0.1,-0.02,0.18
11.902719974517822,-0.14,-0.06,0.01,0.15
11.90963888168335,-0.18,-0.06,-0.01,0.19
11.919534921646118,-0.2,-0.07,-0.01,0.21
11.929717063903809,-0.24,-0.09,-0.04,0.25
11.939723014831543,-0.27,-0.08,-0.08,0.29
11.952323913574219,-0.27,-0.06,-0.07,0.28
11.959372997283936,-0.23,-0.08,-0.06,0.25
11.969223976135254,-0.19,-0.1,-0.02,0.21
11.97934889793396,-0.12,-0.08,0.02,0.14
11.989389896392822,-0.07,-0.06,0.01,0.09
12.001842021942139,-0.06,-0.05,-0.05,0.09
12.008933067321777,-0.08,-0.05,-0.1,0.13
12.019046783447266,-0.12,-0.04,-0.09,0.15
12.02894401550293,-0.17,-0.01,-0.06,0.18
12.038842916488647,-0.2,0.03,-0.08,0.21
12.051499843597412,-0.19,0.05,-0.07,0.2
12.058498859405518,-0.16,0.05,-0.09,0.19
12.068588972091675,-0.1,0.01,-0.1,0.14
12.07849407196045,-0.1,-0.03,-0.02,0.1
12.088470935821533,-0.1,-0.02,0.01,0.1
12.10140085220337,-0.12,0.01,0.03,0.12
12.108222961425781,-0.12,0.02,0.0,0.12
12.118284940719604,-0.12,-0.02,0.03,0.12
12.128171920776367,-0.14,-0.05,0.07,0.16
12.138224124908447,-0.13,-0.02,0.01,0.13
12.150818824768066,-0.13,-0.02,0.05,0.14
12.157747983932495,-0.12,-0.02,0.08,0.14
12.167948007583618,-0.11,-0.03,0.05,0.12
12.17793607711792,-0.1,-0.04,0.04,0.11
12.187940120697021,-0.1,-0.04,0.06,0.12
12.200905799865723,-0.12,-0.03,0.07,0.14
12.207674026489258,-0.13,-0.01,0.02,0.13
12.21769905090332,-0.13,-0.02,0.03,0.13
12.227683067321777,-0.12,-0.04,0.04,0.13
12.23754096031189,-0.1,-0.06,0.03,0.12
12.250648975372314,-0.06,-0.08,0.04,0.1
12.257345914840698,-0.02,-0.08,0.03,0.08
12.267138957977295,-0.06,-0.08,0.04,0.1
12.277245044708252,-0.1,-0.06,0.06,0.13
12.287194967269897,-0.11,-0.03,0.0,0.11
12.299956798553467,-0.14,-0.01,-0.04,0.14
12.306917905807495,-0.18,-0.02,-0.07,0.19
12.31691598892212,-0.19,-0.03,-0.04,0.19
12.326767921447754,-0.14,-0.03,0.02,0.14
12.33676290512085,-0.14,-0.06,-0.04,0.15
12.349555969238281,-0.15,-0.08,-0.06,0.18
12.356657028198242,-0.13,-0.07,-0.04,0.15
12.366311073303223,-0.16,-0.05,-0.07,0.18
12.376492977142334,-0.18,-0.03,-0.09,0.2
12.386394023895264,-0.17,-0.04,-0.04,0.17
12.399177074432373,-0.12,0.0,0.03,0.12
12.406294822692871,-0.11,0.03,0.05,0.12
12.416132926940918,-0.12,0.03,-0.03,0.12
12.426063060760498,-0.12,0.04,-0.12,0.17
12.436218976974487,-0.1,0.02,-0.11,0.15
12.448803901672363,-0.13,0.01,-0.09,0.15
12.455806970596313,-0.13,0.03,-0.09,0.16
12.465824127197266,-0.12,0.01,-0.03,0.12
12.475738048553467,-0.11,0.0,0.03,0.11
12.485861778259277,-0.1,-0.01,0.12,0.15
12.498265981674194,-0.12,-0.01,0.12,0.17
12.505642890930176,-0.14,-0.04,0.1,0.17
12.515317916870117,-0.16,-0.06,0.08,0.18
12.52540898323059,-0.19,-0.05,0.04,0.2
12.53541612625122,-0.18,-0.04,0.0,0.18
12.548074007034302,-0.17,-0.05,-0.03,0.17
12.555241107940674,-0.15,-0.05,-0.01,0.15
12.565095901489258,-0.11,-0.02,0.04,0.11
12.57503890991211,-0.1,-0.02,-0.01,0.1
12.584928035736084,-0.11,-0.04,0.0,0.11
12.597702980041504,-0.13,-0.05,0.06,0.15
12.605000019073486,-0.16,-0.04,0.07,0.17
12.614713907241821,-0.17,-0.03,0.05,0.17
12.624665975570679,-0.18,-0.05,0.04,0.19
12.63460111618042,-0.18,-0.08,0.04,0.2
12.646975040435791,-0.15,-0.1,0.03,0.18
12.654524803161621,-0.11,-0.1,0.02,0.15
12.664330005645752,-0.07,-0.07,0.03,0.1
12.67444896697998,-0.1,-0.03,0.07,0.12
12.68440294265747,-0.09,0.02,-0.03,0.09
12.697030067443848,-0.07,0.01,-0.05,0.08
12.7042818069458,-0.12,-0.01,-0.03,0.12
12.713933944702148,-0.16,0.0,-0.02,0.16
12.723951816558838,-0.19,0.01,0.03,0.19
12.734036922454834,-0.15,0.0,0.05,0.15
12.7465500831604,-0.11,-0.04,0.02,0.11
12.753899097442627,-0.07,-0.04,0.0,0.08
12.763762950897217,-0.08,0.0,-0.01,0.08
12.773705005645752,-0.1,0.1,-0.02,0.14
12.783780097961426,-0.26,0.23,-0.06,0.35
12.79637098312378,-0.29,0.3,-0.05,0.42
12.803615093231201,-0.16,0.35,0.18,0.42
12.813364028930664,-0.05,0.46,0.37,0.59
12.823310852050781,0.11,0.46,0.73,0.86
12.833391904830933,0.23,0.64,0.96,1.17
12.845789909362793,0.31,0.95,1.18,1.54
12.85310983657837,0.21,1.31,1.44,1.95
12.86299991607666,-0.07,1.78,1.47,2.3
12.873008012771606,-0.24,2.47,1.62,2.96
12.882853031158447,-0.07,3.22,1.9,3.73
12.89546799659729,0.2,3.7,2.21,4.31
12.902898788452148,0.3,3.99,2.65,4.79
12.912462949752808,0.43,4.21,3.36,5.4
12.922684907913208,0.06,4.81,3.8,6.13
12.932562828063965,-0.1,5.79,4.44,7.29
12.945455074310303,0.2,6.66,5.1,8.39
12.95249080657959,0.14,7.41,5.93,9.49
12.96221399307251,0.18,7.95,6.88,10.51
12.972363948822021,0.38,7.83,7.11,10.58
12.982285022735596,0.56,7.27,6.78,9.95
12.994786977767944,-0.56,6.82,6.3,9.3
13.002070903778076,-2.67,7.39,5.55,9.61
13.011981010437012,-4.62,8.14,4.72,10.48
13.022077083587646,-6.78,8.73,3.82,11.69
13.031728982925415,-8.39,9.12,2.91,12.72
13.044242858886719,-8.77,8.62,2.77,12.6
13.051767826080322,-8.92,7.9,3.52,12.42
13.061617851257324,-8.82,8.18,4.51,12.84
13.071722984313965,-8.47,7.84,5.37,12.72
13.081609964370728,-8.35,7.1,5.83,12.41
13.094051837921143,-8.1,7.02,6.45,12.5
13.10140609741211,-8.3,6.47,7.39,12.85
13.111076831817627,-8.13,5.17,7.4,12.14
13.121439933776855,-7.16,2.65,7.16,10.46
13.131106853485107,-6.02,-0.76,6.92,9.2
13.143990993499756,-4.12,-3.49,6.35,8.33
13.15111780166626,-2.77,-5.3,5.6,8.19
13.16075611114502,-1.85,-7.6,5.88,9.78
13.171023845672607,-1.24,-10.66,6.1,12.34
13.180723905563354,-1.18,-13.4,5.87,14.67
13.19364309310913,-0.61,-16.8,5.7,17.75
13.200697898864746,0.31,-20.6,4.55,21.09
13.210519790649414,1.88,-23.27,3.17,23.56
13.221062898635864,3.71,-23.8,1.94,24.16
13.230772972106934,5.32,-21.75,0.9,22.4
13.2429838180542,7.44,-17.96,0.0,19.44
13.250363826751709,10.37,-13.43,-0.95,16.99
13.260114908218384,13.47,-9.41,-1.73,16.52
13.270417928695679,15.33,-5.44,-2.03,16.39
13.280139923095703,14.95,-2.11,-1.49,15.17
13.292789936065674,12.41,-1.36,0.05,12.48
13.300069808959961,8.92,-3.46,1.41,9.67
13.309877872467041,4.74,-6.67,1.31,8.28
13.31993293762207,0.28,-9.38,1.65,9.52
13.329880952835083,-2.22,-11.43,1.69,11.76
13.342530965805054,-3.07,-12.7,0.19,13.06
13.34972095489502,-2.79,-12.64,-1.08,12.98
13.359546899795532,-1.67,-12.01,-1.54,12.22
13.369704008102417,-0.17,-11.62,-1.72,11.74
13.379560947418213,1.45,-11.82,-1.82,12.04
13.391994953155518,2.11,-12.11,-1.51,12.38
13.39936089515686,2.28,-12.59,-0.86,12.82
13.409039974212646,1.54,-13.05,-0.31,13.14
13.419186115264893,0.23,-12.28,-0.18,12.28
13.429050922393799,-0.81,-10.89,-0.65,10.93
13.441962003707886,-1.47,-9.18,-1.91,9.49
13.448976993560791,-2.1,-7.33,-3.43,8.36
13.458792924880981,-2.91,-5.26,-4.54,7.53
13.468989849090576,-3.86,-3.24,-5.26,7.28
13.478693962097168,-5.29,-1.52,-5.43,7.73
13.491480827331543,-6.96,0.32,-4.87,8.5
13.49868106842041,-7.78,1.79,-4.24,9.03
13.508317947387695,-8.08,2.3,-3.51,9.1
13.518672943115234,-7.58,2.28,-2.74,8.37
13.528333902359009,-6.21,2.22,-2.38,7.01
13.541249990463257,-5.36,2.45,-2.12,6.26
13.548327922821045,-5.2,3.21,-1.72,6.34
13.55801010131836,-5.28,4.67,-1.55,7.21
13.568132877349854,-5.14,6.39,-1.71,8.37
13.577966928482056,-4.64,7.35,-1.81,8.87
13.591140985488892,-4.09,6.99,-1.75,8.28
13.597941875457764,-3.95,6.04,-1.63,7.39
13.607760906219482,-3.41,5.56,-1.52,6.69
13.61796498298645,-2.53,5.61,-1.86,6.42
13.627828121185303,-1.8,5.62,-2.18,6.29
13.640352010726929,-1.19,5.61,-2.2,6.14
13.647593021392822,-0.87,5.85,-2.22,6.31
13.657404899597168,-1.03,6.32,-1.9,6.67
13.667617797851562,-1.29,6.63,-1.46,6.91
13.677304983139038,-1.26,6.55,-1.11,6.76
13.689917087554932,-1.13,6.11,-0.73,6.25
13.69714093208313,-0.96,5.26,-0.02,5.34
13.70711612701416,-0.92,4.25,0.64,4.39
13.717307090759277,-0.86,3.55,1.02,3.79
13.727000951766968,-0.68,3.18,1.23,3.47
13.73963212966919,-0.45,2.87,1.35,3.2
13.746922016143799,-0.24,2.53,1.54,2.97
13.756747007369995,0.36,2.17,1.98,2.95
13.766885995864868,1.97,2.39,1.51,3.44
13.776608943939209,2.09,2.71,1.0,3.56
13.789113998413086,1.66,2.72,1.2,3.4
13.796703815460205,1.28,2.48,1.36,3.1
13.80631685256958,0.89,2.08,1.35,2.63
13.816569805145264,0.53,1.49,1.26,2.02
13.826425075531006,0.3,0.95,0.35,1.05
13.839457035064697,0.14,0.59,-4.21,4.25
13.846193790435791,0.22,0.22,-6.16,6.16
13.855928897857666,0.14,0.0,-0.62,0.63
13.866174936294556,0.45,0.23,13.19,13.19
13.875922918319702,0.05,0.1,11.05,11.05
13.888673782348633,-0.56,0.97,-1.98,2.27
13.895853042602539,-0.18,0.96,-2.74,2.9
13.905747890472412,0.39,0.19,-0.06,0.43
13.915820121765137,0.35,-0.46,2.19,2.26
13.925785064697266,-0.08,-0.43,1.67,1.72
13.938627004623413,-0.57,0.02,0.55,0.79
13.94547986984253,-0.9,0.22,0.49,1.04
13.955409049987793,-1.1,-0.04,0.66,1.28
13.965394020080566,-0.97,-0.51,0.54,1.22
13.975403785705566,-0.45,-0.69,0.22,0.85
13.988073825836182,-0.15,-0.69,-0.08,0.71
13.995090961456299,0.05,-0.61,-0.12,0.62
14.00501012802124,0.22,-0.26,0.3,0.45
14.015017986297607,0.31,0.07,0.53,0.61
14.02495789527893,0.44,0.3,0.27,0.59
14.037458896636963,0.54,0.48,0.07,0.72
14.04462480545044,0.6,0.45,-0.09,0.75
14.054758071899414,0.4,0.26,-0.16,0.5
14.06464695930481,-0.03,0.03,0.04,0.05
14.074649810791016,-0.37,-0.13,0.2,0.44
14.087238788604736,-0.42,-0.26,0.03,0.49
14.094308853149414,-0.26,-0.29,-0.04,0.39
14.104293823242188,-0.04,-0.07,0.14,0.16
14.114445924758911,-0.09,0.32,0.26,0.42
14.124195098876953,-0.21,0.62,0.3,0.72
14.136856079101562,-0.22,0.69,0.42,0.83
14.144062995910645,-0.21,0.59,0.52,0.81
14.154086112976074,-0.22,0.34,0.45,0.6
14.164004802703857,-0.22,0.16,0.04,0.27
14.17392110824585,-0.1,0.16,-0.3,0.35
14.186811923980713,-0.14,0.17,-0.45,0.5
14.193687915802002,-0.07,0.15,-0.45,0.47
14.20369005203247,0.02,0.14,-0.3,0.33
14.213825941085815,-0.04,0.2,-0.08,0.21
14.223639965057373,-0.2,0.28,0.16,0.37
14.23634386062622,-0.26,0.32,0.26,0.48
14.243169784545898,-0.21,0.31,0.22,0.43
14.253222942352295,-0.19,0.24,0.12,0.32
14.2633638381958,-0.15,0.2,0.05,0.25
14.27315092086792,-0.1,0.26,0.01,0.27
14.286019802093506,-0.1,0.31,-0.01,0.32
14.292948007583618,-0.1,0.35,0.03,0.36
14.302923917770386,-0.1,0.34,0.07,0.36
14.312965869903564,-0.14,0.25,0.23,0.36
14.32309103012085,-0.12,0.13,0.28,0.33
14.335778951644897,-0.06,0.05,0.17,0.18
14.342437982559204,-0.12,0.0,0.11,0.16
14.352395057678223,-0.19,-0.04,0.13,0.23
14.362551927566528,-0.26,-0.09,0.17,0.32
14.37238597869873,-0.16,-0.1,0.1,0.21
14.38489294052124,0.0,-0.07,-0.06,0.09
14.392189025878906,0.09,0.05,-0.04,0.11
14.402192115783691,0.04,0.18,0.06,0.19
14.41238784790039,0.02,0.24,0.15,0.28
14.422087907791138,0.09,0.27,0.04,0.28
14.434729099273682,0.05,0.22,-0.1,0.24
14.441870927810669,-0.06,0.13,-0.19,0.23
14.451777935028076,-0.09,0.06,-0.36,0.37
14.461798906326294,-0.24,-0.07,-1.05,1.07
14.47170090675354,-0.69,-0.33,-1.99,2.13
14.484097003936768,-0.8,-0.05,0.02,0.8
14.49158000946045,-0.7,0.47,0.73,1.11
14.501455783843994,-0.5,0.74,0.55,1.04
14.511338949203491,-0.32,0.45,0.2,0.58
14.52135181427002,-0.32,0.0,-0.2,0.37
