time,ax,ay,az,atotal,soco
0.006047964096069336,-0.13,-0.16,-0.57,0.6,0
0.013290166854858398,-0.12,-0.19,-0.29,0.36,0
0.023025035858154297,0.1,-0.06,-0.24,0.26,0
0.03370308876037598,0.09,0.02,-0.06,0.11,0
0.04252004623413086,-0.02,0.01,0.2,0.2,0
0.05448198318481445,-0.1,0.0,0.36,0.37,0
0.06294894218444824,-0.09,0.02,0.37,0.38,0
0.07240986824035645,-0.01,0.06,0.3,0.3,0
0.08335995674133301,0.07,0.08,0.1,0.14,0
0.09222006797790527,0.1,0.03,-0.22,0.24,0
0.10419201850891113,0.03,-0.06,-0.38,0.38,0
0.11267805099487305,-0.04,-0.09,-0.41,0.42,0
0.12274408340454102,-0.09,-0.07,-0.25,0.27,0
0.13379502296447754,-0.08,-0.03,-0.03,0.09,0
0.14247393608093262,-0.07,-0.05,0.09,0.12,0
0.1537160873413086,-0.07,-0.12,0.19,0.23,0
0.16229987144470215,0.01,-0.11,0.17,0.2,0
0.17237210273742676,0.04,-0.06,0.15,0.16,0
0.18370413780212402,0.09,0.02,0.07,0.11,0
0.19202399253845215,0.1,0.04,-0.05,0.11,0
0.2032458782196045,0.09,0.01,-0.13,0.15,0
0.21180415153503418,0.03,-0.02,-0.12,0.12,0
0.22165894508361816,0.0,-0.03,-0.1,0.1,0
0.233353853225708,-0.03,-0.01,-0.07,0.07,0
0.24168610572814941,-0.06,0.01,0.07,0.09,0
0.2530958652496338,0.05,-0.03,0.08,0.09,0
0.26145100593566895,0.06,-0.06,0.03,0.09,0
0.27122998237609863,0.02,-0.05,0.04,0.06,0
0.28279709815979004,0.0,-0.01,-0.01,0.01,0
0.29087400436401367,-0.03,-0.02,-0.03,0.04,0
0.30260396003723145,-0.09,-0.02,-0.03,0.09,0
0.3113670349121094,-0.15,0.02,-0.09,0.17,0
0.3205389976501465,-0.06,0.02,-0.23,0.23,0
0.33281493186950684,0.11,-0.05,-0.22,0.25,0
0.3410940170288086,0.32,-0.11,-0.08,0.34,0
0.35250020027160645,0.49,-0.07,0.15,0.51,0
0.36089205741882324,0.93,0.02,0.79,1.22,0
0.370851993560791,0.82,0.27,0.71,1.11,0
0.38239097595214844,0.39,0.41,0.29,0.63,0
0.39052891731262207,0.23,0.31,0.12,0.4,0
0.40214085578918457,0.05,0.2,0.08,0.22,0
0.4105799198150635,-0.06,0.08,0.09,0.13,0
0.4200320243835449,-0.1,-0.02,0.0,0.1,0
0.4321160316467285,-0.03,-0.06,-0.25,0.25,0
0.44022297859191895,0.09,-0.07,-0.42,0.43,0
0.45180606842041016,0.18,-0.1,-0.48,0.52,0
0.46027112007141113,0.17,-0.11,-0.45,0.49,0
0.47008299827575684,0.05,-0.31,-0.54,0.62,0
0.4813649654388428,0.09,-0.37,-0.6,0.71,0
0.4900779724121094,0.04,-0.31,-0.48,0.57,0
0.5015089511871338,0.07,-0.07,0.0,0.09,0
0.5099680423736572,0.98,0.28,0.45,1.11,0
0.5192739963531494,1.45,0.53,0.38,1.58,0
0.5307199954986572,0.92,0.26,0.69,1.17,0
0.5395650863647461,0.75,-0.08,1.27,1.47,0
0.55082106590271,0.4,-0.04,1.27,1.33,0
0.559643030166626,0.0,0.21,1.15,1.16,0
0.5688960552215576,-0.41,0.43,1.18,1.32,0
0.581017017364502,-0.71,0.54,0.86,1.23,0
0.5891249179840088,-0.86,0.38,0.27,0.97,0
0.6003749370574951,-0.86,0.08,-0.02,0.86,0
0.609234094619751,-0.72,-0.04,-0.14,0.73,0
0.618494987487793,-0.5,0.05,0.12,0.51,0
0.6297290325164795,-0.32,0.3,0.21,0.48,0
0.639113187789917,-0.48,0.13,-0.58,0.76,0
0.6504380702972412,-0.61,-0.4,-1.04,1.27,0
0.6590430736541748,-0.55,-0.57,-1.14,1.38,0
0.6687881946563721,-0.37,-0.36,-1.24,1.34,0
0.6799681186676025,-0.2,-0.22,-0.89,0.93,0
0.688636064529419,-0.07,-0.1,-0.35,0.37,0
0.6998951435089111,0.15,-0.02,-0.35,0.38,0
0.7083299160003662,0.35,-0.08,-0.46,0.58,0
0.7179481983184814,0.44,-0.12,-0.47,0.65,0
0.7300169467926025,0.39,-0.17,-0.36,0.55,0
0.7380800247192383,0.42,-0.32,-0.36,0.63,0
0.7498190402984619,0.19,-0.5,-0.3,0.61,0
0.7581360340118408,-0.29,-0.71,0.19,0.79,0
0.7679610252380371,-0.23,-0.62,0.41,0.77,0
0.7795970439910889,-0.2,-0.11,0.07,0.23,0
0.7879409790039062,-0.23,0.22,-0.13,0.34,0
0.7993950843811035,-0.28,0.3,-0.16,0.44,0
0.80777907371521,-0.41,0.27,-0.13,0.5,0
0.8176991939544678,-0.5,0.13,-0.14,0.53,0
0.8289480209350586,-0.59,-0.01,-0.17,0.61,0
0.8375561237335205,-0.7,0.11,-0.36,0.79,0
0.8491489887237549,-0.71,0.43,-0.41,0.92,0
0.8574011325836182,-0.75,0.61,-0.22,0.99,0
0.8669850826263428,-0.77,0.6,0.02,0.97,0
0.8791611194610596,-0.72,0.44,0.36,0.91,0
0.8873279094696045,-0.67,0.08,1.27,1.43,0
0.8988339900970459,-0.26,-0.31,2.38,2.41,0
0.9068539142608643,0.35,-0.39,2.38,2.43,0
0.9172799587249756,0.82,-0.3,1.82,2.01,0
0.9282791614532471,1.09,-0.07,1.52,1.87,0
0.9369339942932129,1.35,0.12,1.3,1.87,0
0.9483611583709717,1.36,0.11,0.93,1.65,0
0.9567601680755615,1.21,0.02,0.63,1.36,0
0.966850996017456,1.09,-0.02,-0.16,1.1,0
0.9783799648284912,1.04,-0.18,-1.29,1.66,0
0.9865858554840088,0.87,-0.74,-2.13,2.41,0
0.9981138706207275,0.55,-1.29,-2.19,2.6,0
1.0063409805297852,0.45,-1.32,-1.07,1.75,0
1.0164830684661865,0.95,-0.86,0.37,1.33,0
1.0279109477996826,0.64,0.55,1.07,1.36,0
1.036221981048584,1.37,0.93,0.66,1.78,0
1.047677993774414,1.49,0.54,0.08,1.58,0
1.0560691356658936,0.75,0.31,0.8,1.13,0
1.0655601024627686,0.27,0.7,1.02,1.26,0
1.0765340328216553,0.46,0.69,0.78,1.13,0
1.085982084274292,0.76,0.49,0.48,1.02,0
1.0973951816558838,0.86,0.46,0.1,0.98,0
1.1057260036468506,0.95,0.41,0.04,1.03,0
1.1152050495147705,1.12,0.07,0.19,1.13,0
1.126965045928955,1.33,-0.35,0.3,1.4,0
1.1356730461120605,1.62,-0.49,0.17,1.7,0
1.1469881534576416,1.59,-0.59,-0.17,1.7,0
1.1554811000823975,1.26,-0.86,-0.45,1.59,0
1.1653800010681152,0.8,-1.24,-0.39,1.52,0
1.176872968673706,0.29,-1.23,-0.12,1.26,0
1.1852471828460693,0.03,-1.08,0.01,1.08,0
1.1967129707336426,0.05,-1.14,-0.08,1.14,0
1.205024003982544,0.36,-1.26,-0.03,1.31,0
1.215054988861084,0.83,-1.18,0.13,1.44,0
1.2264721393585205,0.91,-1.17,-0.03,1.48,0
1.2348730564117432,0.67,-1.25,-0.26,1.44,0
1.2462270259857178,0.35,-1.23,0.02,1.27,0
1.254701852798462,0.22,-1.19,0.74,1.41,0
1.264362096786499,0.28,-1.08,1.19,1.63,0
1.275635004043579,0.17,-0.88,1.08,1.4,0
1.2846460342407227,-0.11,-0.62,0.69,0.93,0
1.2960000038146973,-0.16,-0.38,0.58,0.71,0
1.304328203201294,0.26,-0.33,0.99,1.07,0
1.3138821125030518,0.74,-0.37,1.21,1.46,0
1.324700117111206,1.04,-0.38,0.91,1.43,0
1.3337349891662598,1.34,-0.44,0.5,1.49,0
1.3455970287322998,1.44,-0.35,0.41,1.53,0
1.3538801670074463,1.28,-0.13,0.41,1.35,0
1.363692045211792,1.06,-0.07,0.5,1.17,0
1.3752238750457764,0.88,-0.07,0.64,1.09,0
1.3838942050933838,0.64,-0.04,0.61,0.88,0
1.3953580856323242,0.34,-0.06,0.7,0.78,0
1.4037010669708252,0.11,-0.03,0.66,0.66,0
1.4133760929107666,0.13,-0.2,0.46,0.51,0
1.423961877822876,0.17,-0.56,0.66,0.88,0
1.4330718517303467,0.13,-0.85,0.93,1.26,0
1.4450581073760986,-0.18,-0.94,0.92,1.32,0
1.4533579349517822,-0.67,-0.87,0.6,1.25,0
1.463041067123413,-1.17,-0.73,0.3,1.41,0
1.4738891124725342,-1.46,-0.69,0.29,1.64,0
1.4831511974334717,-1.46,-0.71,0.42,1.67,0
1.4946539402008057,-1.36,-0.59,0.3,1.51,0
1.503014087677002,-1.53,-0.51,0.22,1.62,0
1.512531042098999,-1.86,-0.42,0.4,1.94,0
1.5233089923858643,-2.16,-0.29,0.46,2.22,0
1.5329999923706055,-2.53,-0.03,0.21,2.53,0
1.5439789295196533,-2.89,0.31,0.11,2.9,0
1.5525450706481934,-3.1,0.65,0.04,3.16,0
1.562237024307251,-3.16,0.93,-0.1,3.29,0
1.5730221271514893,-3.21,1.03,0.01,3.37,0
1.582503080368042,-3.36,0.96,0.25,3.5,0
1.593796968460083,-3.42,0.86,0.34,3.54,0
1.6022999286651611,-3.39,0.79,0.5,3.51,0
1.612640142440796,-3.46,0.7,0.69,3.59,0
1.6235380172729492,-3.72,0.58,0.62,3.81,0
1.632214069366455,-3.87,0.47,0.45,3.92,0
1.6434760093688965,-4.06,0.4,0.51,4.11,0
1.6518361568450928,-4.37,0.4,0.52,4.41,0
1.6616461277008057,-4.64,0.46,0.44,4.68,0
1.672334909439087,-4.71,0.47,0.53,4.76,0
1.681246042251587,-4.55,0.47,0.65,4.62,0
1.6932199001312256,-4.15,0.31,0.56,4.19,0
1.7017810344696045,-3.69,0.19,0.53,3.73,0
1.7111461162567139,-3.24,0.25,0.53,3.29,0
1.722071886062622,-2.9,0.27,0.38,2.93,0
1.7310850620269775,-2.75,0.22,-0.01,2.75,0
1.7428419589996338,-2.85,0.11,-0.23,2.86,0
1.751338005065918,-3.22,-0.06,-0.24,3.22,0
1.7609820365905762,-3.48,-0.23,-0.15,3.49,0
1.7722251415252686,-3.41,-0.26,-0.16,3.42,0
1.7814710140228271,-2.93,-0.24,-0.27,2.95,0
1.7923810482025146,-2.19,-0.16,-0.24,2.2,0
1.8009321689605713,-1.73,-0.13,-0.32,1.76,0
1.8105871677398682,-1.72,-0.35,-0.5,1.82,0
1.821286916732788,-1.89,-0.61,-0.64,2.08,0
1.8302052021026611,-2.11,-0.68,-0.63,2.3,0
1.8420300483703613,-2.45,-0.72,-0.77,2.66,0
1.850733995437622,-2.66,-0.84,-0.9,2.93,0
1.8601748943328857,-2.7,-0.99,-0.63,2.94,0
1.8709700107574463,-2.71,-1.15,-0.2,2.95,0
1.880059003829956,-2.6,-1.17,-0.03,2.85,0
1.89485502243042,-2.4,-1.14,-0.08,2.65,0
1.9002280235290527,-2.3,-1.24,0.02,2.61,0
1.9099328517913818,-2.11,-1.39,0.21,2.53,0
1.9205801486968994,-1.87,-1.4,0.29,2.35,0
1.929624080657959,-1.94,-1.36,0.26,2.38,0
1.9443471431732178,-2.07,-1.33,0.29,2.47,0
1.9500958919525146,-1.98,-1.41,0.39,2.46,0
1.959395170211792,-1.81,-1.4,0.24,2.3,0
1.9702820777893066,-1.85,-1.32,0.02,2.27,0
1.9792149066925049,-2.04,-1.33,-0.05,2.43,0
1.993109941482544,-2.27,-1.25,0.12,2.59,0
1.9991240501403809,-2.32,-1.08,0.31,2.57,0
2.0092809200286865,-2.18,-0.97,0.51,2.43,0
2.0200798511505127,-1.95,-0.92,0.64,2.24,0
2.0293869972229004,-1.67,-0.93,0.64,2.01,0
2.0436151027679443,-1.4,-1.0,0.58,1.81,0
2.0490260124206543,-1.21,-1.0,0.43,1.62,0
2.058927059173584,-1.22,-0.96,0.38,1.59,0
2.0708858966827393,-1.3,-0.89,0.56,1.67,0
2.0787971019744873,-1.42,-0.79,0.61,1.73,0
2.0923001766204834,-1.54,-0.64,0.36,1.7,0
2.098417043685913,-1.35,-0.46,0.21,1.44,0
2.1084401607513428,-1.03,-0.4,0.5,1.21,0
2.1193320751190186,0.0,-0.37,0.99,1.05,0
2.1284210681915283,1.83,-0.16,1.28,2.23,0
2.143022060394287,3.08,-0.02,1.16,3.29,0
2.148625135421753,3.15,-0.16,1.05,3.32,0
2.1580889225006104,2.7,-0.37,1.06,2.92,0
2.168982982635498,2.18,-0.46,1.03,2.45,0
2.1778500080108643,1.82,-0.49,0.85,2.06,0
2.192126989364624,2.13,-0.32,0.57,2.22,0
2.1976940631866455,2.72,0.12,0.31,2.74,0
2.2075998783111572,2.72,0.37,0.38,2.77,0
2.218613862991333,2.58,0.2,0.63,2.66,0
2.2275900840759277,2.66,-0.13,0.75,2.76,0
2.2409870624542236,3.0,-0.38,0.73,3.11,0
2.2473981380462646,3.08,-0.58,0.87,3.25,0
2.2573559284210205,2.91,-0.79,0.76,3.1,0
2.2683839797973633,2.84,-0.91,0.49,3.02,0
2.277186155319214,2.87,-0.93,0.41,3.04,0
2.290095090866089,3.11,-0.83,0.41,3.24,0
2.2969539165496826,3.46,-0.64,0.28,3.52,0
2.3068690299987793,3.79,-0.41,0.1,3.81,0
2.3180429935455322,4.16,-0.21,-0.11,4.16,0
2.327030897140503,4.43,-0.26,-0.43,4.45,0
2.341464042663574,4.43,-0.53,-0.62,4.5,0
2.3468780517578125,4.15,-0.74,-0.84,4.29,0
2.356579065322876,3.77,-0.87,-1.13,4.03,0
2.36777400970459,3.41,-0.84,-1.15,3.69,0
2.37705397605896,3.12,-0.68,-0.92,3.32,0
2.390984058380127,2.96,-0.45,-0.85,3.11,0
2.3968961238861084,2.9,-0.48,-1.15,3.15,0
2.406177043914795,2.86,-0.66,-1.51,3.3,0
2.417419195175171,2.9,-0.73,-1.69,3.43,0
2.426673173904419,3.1,-0.71,-1.66,3.58,0
2.440973997116089,3.44,-0.63,-1.55,3.82,0
2.4464340209960938,3.87,-0.61,-1.69,4.26,0
2.456054925918579,4.22,-0.63,-1.99,4.7,0
2.4669029712677,4.41,-0.71,-2.13,4.94,0
2.476410150527954,4.4,-0.91,-1.98,4.91,0
2.490725040435791,4.2,-1.19,-1.58,4.64,0
2.49548602104187,4.09,-1.32,-1.15,4.44,0
2.5057051181793213,4.07,-1.27,-0.66,4.31,0
2.5165810585021973,4.09,-1.14,-0.41,4.26,0
2.52559494972229,4.14,-1.2,-0.22,4.31,0
2.5405240058898926,4.28,-1.23,0.27,4.46,0
2.5458250045776367,4.59,-1.11,0.91,4.8,0
2.5553438663482666,4.86,-1.08,0.96,5.07,0
2.566287040710449,4.84,-1.18,0.39,4.99,0
2.575227975845337,4.59,-1.27,0.19,4.76,0
2.5899300575256348,4.2,-1.26,0.63,4.42,0
2.5949819087982178,3.83,-1.25,1.17,4.19,0
2.6048948764801025,3.63,-1.2,1.01,3.95,0
2.6160480976104736,3.43,-1.48,0.56,3.77,0
2.6246988773345947,3.28,-1.95,0.57,3.85,0
2.639643907546997,3.23,-2.05,0.86,3.92,0
2.645249128341675,2.87,-1.93,0.98,3.59,0
2.6546859741210938,2.32,-1.84,0.83,3.07,0
2.6655619144439697,2.04,-1.8,0.86,2.85,0
2.674882173538208,1.87,-1.93,1.1,2.9,0
2.689460039138794,1.71,-1.98,1.04,2.81,0
2.694516897201538,1.71,-1.97,0.69,2.69,0
2.7043399810791016,1.72,-2.1,0.37,2.73,0
2.7158291339874268,1.54,-2.31,0.45,2.81,0
2.7245969772338867,1.16,-2.46,0.67,2.8,0
2.7391250133514404,0.79,-2.29,0.72,2.52,0
2.7444310188293457,0.75,-2.13,0.94,2.44,0
2.75394606590271,0.79,-2.32,0.95,2.62,0
2.765497922897339,0.88,-2.46,0.85,2.74,0
2.7740800380706787,0.94,-2.34,0.85,2.66,0
2.7883410453796387,0.71,-2.26,0.85,2.51,0
2.7934210300445557,0.37,-2.15,0.67,2.28,0
2.8036270141601562,0.25,-1.95,0.51,2.03,0
2.81425404548645,0.25,-1.99,0.51,2.06,0
2.8232669830322266,0.3,-2.3,0.61,2.39,0
2.8381080627441406,0.26,-2.51,0.54,2.58,0
2.843898057937622,0.07,-2.61,0.15,2.61,0
2.853299856185913,-0.05,-2.69,0.11,2.69,0
2.864377975463867,0.07,-2.66,0.76,2.76,0
2.874333143234253,0.31,-2.27,1.14,2.55,0
2.8881490230560303,0.83,-1.7,1.1,2.18,0
2.893395185470581,1.43,-1.38,0.85,2.16,0
2.9027090072631836,1.82,-1.44,0.85,2.47,0
2.9149129390716553,1.93,-1.55,1.03,2.68,0
2.9232518672943115,1.71,-1.54,0.87,2.46,0
2.937917947769165,1.45,-1.6,0.54,2.22,0
2.943166971206665,1.34,-1.49,0.74,2.13,0
2.952455997467041,1.31,-1.14,1.07,2.03,0
2.9636828899383545,1.6,-0.87,1.13,2.14,0
2.972203016281128,1.93,-0.69,1.17,2.36,0
2.987394094467163,2.1,-0.48,1.22,2.47,0
2.992729902267456,1.92,-0.25,1.14,2.24,0
3.00226092338562,1.62,-0.01,1.16,1.99,0
3.0132758617401123,1.5,0.29,1.35,2.03,0
3.0224101543426514,1.34,0.53,1.32,1.95,0
3.037367105484009,1.17,0.58,1.13,1.72,0
3.0419881343841553,1.17,0.57,1.1,1.7,0
3.0517661571502686,1.3,0.46,1.17,1.8,0
3.062983989715576,1.71,0.17,1.31,2.16,0
3.0722920894622803,2.05,-0.11,1.17,2.36,0
3.0867819786071777,1.82,-0.45,1.03,2.13,0
3.091978073120117,1.18,-1.0,1.5,2.15,0
3.1013991832733154,0.53,-1.47,1.99,2.53,0
3.112668037414551,-0.12,-1.85,2.05,2.76,0
3.121835947036743,-0.66,-2.22,1.78,2.92,0
3.1364848613739014,-1.15,-2.54,1.42,3.12,0
3.1418168544769287,-1.52,-2.65,1.13,3.25,0
3.1511571407318115,-1.84,-2.7,1.1,3.44,0
3.162461042404175,-2.17,-2.98,1.48,3.97,0
3.171501874923706,-2.18,-3.28,1.9,4.37,0
3.1859819889068604,-2.19,-3.38,1.9,4.45,0
3.1913630962371826,-2.28,-3.52,1.79,4.55,0
3.200917959213257,-2.47,-3.54,1.71,4.64,0
3.211846113204956,-2.58,-3.45,1.64,4.6,0
3.221215009689331,-2.5,-3.43,1.67,4.56,0
3.2360079288482666,-2.27,-3.39,1.62,4.38,0
3.2404940128326416,-2.05,-3.24,1.82,4.24,0
3.25046706199646,-2.02,-2.83,2.05,4.03,0
3.261672019958496,-2.22,-2.33,1.77,3.67,0
3.2709081172943115,-2.25,-1.95,1.49,3.32,0
3.284980058670044,-2.28,-1.72,1.38,3.17,0
3.2899820804595947,-2.55,-1.54,1.44,3.3,0
3.3002731800079346,-2.69,-1.46,1.46,3.39,0
3.31122088432312,-2.84,-1.42,1.22,3.4,0
3.3199520111083984,-3.0,-1.39,1.0,3.45,0
3.3333451747894287,-3.03,-1.26,0.88,3.39,0
3.339684009552002,-3.08,-1.11,0.78,3.36,0
3.3499958515167236,-3.07,-0.9,0.65,3.26,0
3.3608410358428955,-2.95,-0.64,0.56,3.07,0
3.3696448802948,-2.64,-0.31,0.59,2.72,0
3.3830201625823975,-2.13,0.01,0.54,2.19,0
3.3894121646881104,-1.7,0.13,0.48,1.77,0
3.3995940685272217,-1.43,0.16,0.48,1.51,0
3.410905122756958,-1.3,0.23,0.4,1.37,0
3.4193830490112305,-1.39,0.37,0.31,1.47,0
3.4341440200805664,-1.55,0.59,0.36,1.69,0
3.43963885307312,-1.82,1.08,0.26,2.13,0
3.4492199420928955,-2.21,1.53,0.14,2.69,0
3.4601290225982666,-2.64,1.78,0.14,3.18,0
3.469536066055298,-2.88,1.87,0.25,3.44,0
3.483922004699707,-2.91,1.98,0.21,3.52,0
3.488692045211792,-2.88,2.03,0.02,3.52,0
3.498867988586426,-2.92,1.83,-0.16,3.44,0
3.5098578929901123,-3.17,1.33,-0.32,3.45,0
3.518599033355713,-3.3,0.86,-0.22,3.41,0
3.533874034881592,-3.4,0.59,-0.1,3.45,0
3.538770914077759,-3.52,0.33,0.01,3.53,0
3.5487329959869385,-3.55,0.08,0.11,3.55,0
3.559519052505493,-3.59,-0.12,-0.18,3.59,0
3.5688159465789795,-3.54,-0.31,-0.31,3.56,0
3.5835800170898438,-3.59,-0.6,-0.34,3.65,0
3.588517904281616,-3.72,-0.89,-0.61,3.87,0
3.5981791019439697,-3.58,-1.02,-0.73,3.79,0
3.6090550422668457,-3.27,-1.1,-0.83,3.54,0
3.617794990539551,-2.9,-1.12,-0.89,3.23,0
3.6325340270996094,-2.48,-1.01,-0.87,2.81,0
3.6375770568847656,-2.18,-0.86,-0.86,2.49,0
3.6479389667510986,-2.0,-0.58,-0.78,2.22,0
3.65875506401062,-1.89,-0.1,-0.35,1.92,0
3.6676790714263916,-1.67,0.42,0.12,1.72,0
3.682478189468384,-1.35,0.9,0.29,1.64,0
3.6879379749298096,-0.98,1.38,0.19,1.7,0
3.697471857070923,-0.73,1.91,0.07,2.04,0
3.708405017852783,-0.65,2.36,0.22,2.45,0
3.717913866043091,-0.54,2.74,0.58,2.85,0
3.7321419715881348,-0.19,2.95,0.81,3.06,0
3.7376179695129395,0.17,2.98,0.91,3.12,0
3.747053861618042,0.36,3.06,1.09,3.26,0
3.757918119430542,0.5,3.21,1.19,3.45,0
3.767479181289673,0.75,3.31,1.12,3.57,0
3.7821052074432373,0.9,3.35,1.27,3.69,0
3.786752939224243,0.98,3.44,1.69,3.95,0
3.797018051147461,1.06,3.5,1.99,4.16,0
3.8076541423797607,1.24,3.35,2.26,4.22,0
3.816693067550659,1.45,3.04,2.32,4.08,0
3.8316991329193115,1.57,2.86,2.19,3.92,0
3.836561918258667,1.69,2.78,1.91,3.77,0
3.8465850353240967,1.59,2.59,1.54,3.4,0
3.85711407661438,1.38,2.32,1.47,3.07,0
3.8662641048431396,1.11,2.25,1.76,3.06,0
3.8813509941101074,0.92,2.28,2.03,3.18,0
3.8859450817108154,0.82,2.22,2.02,3.11,0
3.8962409496307373,0.74,2.03,1.8,2.81,0
3.907068967819214,0.72,1.67,1.64,2.44,0
3.9165451526641846,0.78,1.16,1.34,1.93,0
3.9309661388397217,0.73,0.71,1.1,1.49,0
3.936239004135132,0.6,0.49,0.79,1.1,0
3.945744037628174,0.53,0.33,0.61,0.87,0
3.956601858139038,0.5,0.15,0.51,0.72,0
3.965543031692505,0.52,-0.01,0.25,0.57,0
3.980032205581665,0.58,-0.1,-0.16,0.6,0
3.9853079319000244,0.65,-0.13,-0.46,0.8,0
3.9953460693359375,0.63,-0.29,-0.74,1.01,0
4.006227016448975,0.57,-0.55,-0.97,1.25,0
4.015074968338013,0.57,-0.84,-0.85,1.32,0
4.029922008514404,0.59,-1.0,-0.79,1.4,0
4.032042980194092,0.69,-1.05,-0.71,1.44,0
4.042556047439575,0.74,-1.17,-0.87,1.63,0
4.053194046020508,0.57,-1.4,-1.1,1.86,0
4.062146902084351,0.36,-1.6,-1.07,1.95,0
4.076596021652222,0.31,-1.71,-0.96,1.98,0
4.082036972045898,0.39,-1.85,-0.91,2.09,0
4.092082977294922,0.49,-1.91,-0.97,2.19,0
4.102972030639648,0.57,-2.0,-0.99,2.3,0
4.11182713508606,0.58,-2.23,-0.86,2.45,0
4.126605033874512,0.71,-2.43,-0.79,2.65,0
4.132068872451782,0.85,-2.5,-0.88,2.78,0
4.141656160354614,0.87,-2.55,-0.81,2.81,0
4.1527321338653564,0.9,-2.57,-0.56,2.78,0
4.1614990234375,1.0,-2.59,-0.36,2.79,0
4.174601078033447,1.17,-2.66,-0.27,2.91,0
4.181241989135742,1.29,-2.82,-0.24,3.11,0
4.191245079040527,1.32,-3.07,-0.12,3.34,0
4.202297925949097,1.31,-3.3,-0.04,3.55,0
4.211016893386841,1.34,-3.39,-0.13,3.64,0
4.2257421016693115,1.31,-3.38,-0.22,3.63,0
4.230898141860962,1.11,-3.22,-0.19,3.41,0
4.241189002990723,0.89,-2.97,-0.15,3.1,0
4.2518298625946045,0.7,-2.81,-0.2,2.9,0
4.261373996734619,0.74,-2.69,-0.27,2.8,0
4.275116205215454,0.8,-2.68,-0.28,2.81,0
4.280529975891113,0.77,-2.85,-0.33,2.97,0
4.290493011474609,0.64,-2.95,-0.31,3.03,0
4.301584959030151,0.44,-2.96,-0.16,2.99,0
4.310415029525757,0.32,-2.93,-0.07,2.94,0
4.323544025421143,0.25,-2.9,0.01,2.91,0
4.330765008926392,0.34,-2.86,0.15,2.88,0
4.3402040004730225,0.73,-2.7,0.3,2.81,0
4.3511998653411865,1.19,-2.46,0.66,2.81,0
4.360059976577759,1.61,-2.4,1.39,3.2,0
4.374567031860352,1.92,-2.37,1.66,3.47,0
4.3803770542144775,2.12,-2.12,1.31,3.27,0
4.389764070510864,2.21,-1.73,1.09,3.01,0
4.400892019271851,1.91,-1.35,1.0,2.54,0
4.410358190536499,1.39,-0.98,0.98,1.96,0
4.42414116859436,0.99,-0.55,0.97,1.49,0
4.429512977600098,0.75,-0.19,1.06,1.31,0
4.439383029937744,0.6,0.07,1.15,1.29,0
4.450515985488892,0.64,0.32,1.08,1.29,0
4.460028886795044,0.87,0.51,1.01,1.42,0
4.4735682010650635,1.06,0.57,1.23,1.72,0
4.479124069213867,1.18,0.58,1.45,1.95,0
4.489006042480469,1.23,0.44,1.49,1.98,0
4.500133991241455,1.07,0.18,1.31,1.7,0
4.509065866470337,0.73,0.04,0.98,1.22,0
4.522075891494751,0.33,0.18,0.93,1.0,0
4.528784990310669,0.12,0.51,1.27,1.37,0
4.538920164108276,-0.08,0.76,1.42,1.61,0
4.549777984619141,-0.38,0.95,1.21,1.58,0
4.558772087097168,-0.48,1.09,1.13,1.64,0
4.573503017425537,-0.33,1.1,1.35,1.77,0
4.5787999629974365,-0.12,1.13,1.71,2.05,0
4.588443994522095,-0.08,1.22,1.65,2.05,0
4.599478006362915,-0.23,1.26,1.18,1.74,0
4.6084349155426025,-0.34,1.37,0.95,1.7,0
4.621989011764526,-0.54,1.44,1.03,1.85,0
4.62939715385437,-0.92,1.52,0.91,1.99,0
4.639424085617065,-1.33,1.66,0.48,2.18,0
4.650536060333252,-1.61,1.9,0.18,2.49,0
4.6593780517578125,-1.65,2.16,0.13,2.72,0
4.672434091567993,-1.65,2.31,0.1,2.84,0
4.679033041000366,-1.86,2.38,0.1,3.02,0
4.6891419887542725,-2.04,2.49,0.06,3.21,0
4.700146913528442,-2.0,2.51,0.26,3.21,0
4.709004163742065,-1.71,2.43,0.58,3.02,0
4.722296953201294,-1.33,2.3,0.44,2.69,0
4.728799104690552,-0.93,2.25,0.02,2.43,0
4.7389960289001465,-0.61,2.35,-0.31,2.44,0
4.749780893325806,-0.49,2.39,-0.4,2.47,0
4.7587339878082275,-0.31,2.38,-0.51,2.45,0
4.771951913833618,-0.37,2.44,-0.64,2.54,0
4.778581857681274,-0.71,2.55,-0.72,2.74,0
4.788433074951172,-1.08,2.68,-0.67,2.96,0
4.799544095993042,-1.32,2.67,-0.49,3.01,0
4.808398962020874,-1.44,2.48,-0.3,2.88,0
4.821686029434204,-1.38,2.27,-0.23,2.66,0
4.82808518409729,-1.25,2.14,-0.06,2.47,0
4.838116884231567,-1.24,2.0,0.2,2.36,0
4.849261045455933,-1.16,1.92,0.44,2.28,0
4.857861042022705,-1.07,1.94,0.25,2.22,0
4.87142014503479,-1.12,1.95,-0.32,2.27,0
4.8777689933776855,-1.25,1.91,-0.69,2.38,0
4.887963056564331,-1.42,1.87,-0.74,2.46,0
4.898803949356079,-1.71,1.85,-0.67,2.6,0
4.907738924026489,-2.01,1.8,-0.47,2.73,0
4.921041011810303,-2.24,1.68,-0.11,2.8,0
4.927562952041626,-2.18,1.41,0.38,2.62,0
4.9376280307769775,-1.67,1.14,0.87,2.2,0
4.948406934738159,-1.04,0.92,1.08,1.75,0
4.957471132278442,-0.62,0.8,0.9,1.35,0
4.970607042312622,-0.25,0.62,0.65,0.93,0
4.9770519733428955,-0.23,0.42,0.49,0.68,0
4.987104177474976,-0.42,0.35,0.27,0.6,0
4.99819016456604,-0.49,0.41,0.07,0.64,0
5.006838083267212,-0.39,0.51,0.04,0.64,0
5.020266056060791,-0.17,0.56,0.09,0.59,0
5.026682138442993,0.08,0.68,0.11,0.69,0
5.036741018295288,0.43,0.67,0.14,0.8,0
5.047827959060669,0.74,0.41,-0.09,0.85,0
5.056541204452515,1.08,0.04,-0.06,1.08,0
5.069933176040649,1.42,-0.28,0.17,1.45,0
5.076552152633667,1.65,-0.63,0.14,1.77,0
5.086562871932983,1.53,-0.93,-0.06,1.79,0
5.097285985946655,0.93,-0.98,-0.16,1.36,0
5.1061389446258545,0.49,-1.04,0.34,1.19,0
5.119533061981201,0.75,-1.15,1.14,1.78,0
5.126094102859497,1.67,-1.1,1.38,2.42,0
5.136229991912842,2.39,-1.13,1.05,2.84,0
5.14709210395813,2.62,-1.35,0.86,3.07,0
5.155925989151001,2.74,-1.48,0.97,3.26,0
5.1703040599823,2.42,-1.6,0.92,3.04,0
5.175579071044922,1.96,-1.91,0.9,2.88,0
5.185733079910278,1.49,-2.29,0.9,2.87,0
5.196832895278931,1.25,-2.46,0.97,2.92,0
5.2056028842926025,1.86,-2.22,1.11,3.1,0
5.220589876174927,2.76,-1.76,1.46,3.58,0
5.225391149520874,3.11,-1.91,1.67,4.01,0
5.235363006591797,3.18,-2.49,1.62,4.35,0
5.246393918991089,3.37,-3.01,1.63,4.8,0
5.2551350593566895,3.39,-3.28,1.66,5.0,0
5.26848292350769,3.01,-3.35,1.47,4.73,0
5.274996042251587,2.61,-3.42,1.15,4.45,0
5.285168886184692,2.42,-3.53,0.94,4.38,0
5.29597020149231,2.45,-3.6,0.75,4.41,0
5.304826021194458,2.6,-3.61,0.47,4.47,0
5.318047046661377,2.6,-3.77,0.26,4.58,0
5.32469916343689,2.48,-4.01,0.51,4.74,0
5.334668874740601,2.4,-3.96,0.68,4.68,0
5.345728158950806,2.41,-3.67,0.67,4.44,0
5.354516983032227,2.54,-3.43,0.48,4.29,0
5.368425130844116,2.6,-3.55,0.13,4.4,0
5.374404191970825,2.41,-3.78,-0.23,4.48,0
5.3843371868133545,1.92,-3.76,-0.16,4.22,0
5.395416975021362,1.4,-3.57,0.04,3.83,0
5.404201984405518,0.72,-3.29,0.31,3.38,0
5.4176859855651855,0.21,-2.89,0.76,2.99,0
5.423933982849121,0.22,-2.46,1.17,2.73,0
5.4341840744018555,0.55,-2.28,1.45,2.75,0
5.445152997970581,0.94,-2.38,1.6,3.01,0
5.453841924667358,1.14,-2.63,1.62,3.29,0
5.467689037322998,1.09,-2.77,1.57,3.36,0
5.473582983016968,0.81,-2.43,1.5,2.96,0
5.483770132064819,0.26,-1.63,1.35,2.13,0
5.494723081588745,-0.26,-0.83,1.02,1.34,0
5.503458023071289,-0.57,-0.23,0.89,1.08,0
5.516962051391602,-0.59,-0.11,0.96,1.13,0
5.523206949234009,-0.32,-0.45,1.14,1.26,0
5.533523082733154,0.13,-0.64,1.31,1.46,0
5.544426202774048,0.49,-0.66,1.23,1.47,0
5.553118944168091,0.64,-0.73,0.98,1.37,0
5.567972898483276,0.54,-0.76,0.7,1.16,0
5.5728490352630615,0.23,-0.83,0.39,0.94,0
5.583114862442017,-0.26,-0.85,-0.11,0.89,0
5.5941290855407715,-0.92,-0.8,-0.6,1.35,0
5.602770090103149,-1.75,-0.72,-0.89,2.09,0
5.617815017700195,-2.13,-0.99,-0.43,2.38,0
5.623173952102661,-1.56,-1.69,0.22,2.31,0
5.63266396522522,-0.41,-1.96,0.01,2.0,0
5.64379096031189,0.47,-2.05,-0.57,2.17,0
5.652462005615234,0.7,-1.93,-0.98,2.27,0
5.665727853775024,0.37,-1.49,-1.16,1.92,0
5.6721508502960205,-0.42,-0.82,-1.16,1.48,0
5.6824049949646,-1.3,-0.11,-1.06,1.68,0
5.693408012390137,-1.79,0.53,-0.86,2.05,0
5.70218300819397,-1.82,1.02,-0.44,2.13,0
5.71720290184021,-1.51,1.52,0.05,2.14,0
5.721726179122925,-1.3,2.14,0.53,2.55,0
5.732187986373901,-1.03,2.84,1.04,3.19,0
5.742971181869507,-0.56,3.46,1.55,3.83,0
5.751834154129028,-0.27,3.99,1.94,4.44,0
5.7666871547698975,-0.29,4.72,2.13,5.18,0
5.772187948226929,-0.46,5.68,2.26,6.13,0
5.78177809715271,-0.76,6.45,2.37,6.91,0
5.792535066604614,-1.08,6.85,2.28,7.29,0
5.801236867904663,-1.33,7.14,1.98,7.52,0
5.815890073776245,-1.52,7.68,2.03,8.08,0
5.821163892745972,-0.94,8.92,3.41,9.59,0
5.831467866897583,-0.21,8.97,3.64,9.68,0
5.84226393699646,-0.65,7.59,2.08,7.89,0
5.851111173629761,-1.83,5.96,0.36,6.24,0
5.865167856216431,-2.85,5.13,-0.16,5.87,0
5.871013879776001,-2.88,4.9,-0.03,5.68,0
5.881731033325195,-3.04,4.64,-0.74,5.59,0
5.891946077346802,-3.25,4.48,-1.47,5.72,0
5.900956869125366,-3.43,4.05,-1.91,5.64,0
5.915519952774048,-3.52,3.39,-2.23,5.37,0
5.920597076416016,-3.22,2.8,-2.21,4.8,0
5.9308459758758545,-2.75,2.38,-1.96,4.13,0
5.9415881633758545,-2.41,1.99,-1.64,3.52,0
5.95088791847229,-2.09,1.62,-1.07,2.85,0
5.964533090591431,-1.89,1.41,-0.57,2.42,0
5.970184087753296,-1.9,1.34,-0.26,2.33,0
5.9804041385650635,-1.97,1.28,-0.03,2.34,0
5.991180181503296,-2.08,1.13,0.14,2.37,0
6.000633955001831,-2.15,0.87,0.3,2.33,0
6.014755010604858,-1.94,0.64,0.76,2.17,0
6.020097970962524,-1.48,0.33,1.3,1.99,0
6.0300538539886475,-0.95,0.0,1.25,1.57,0
6.040845155715942,-0.54,-0.24,1.01,1.17,0
6.050282001495361,-0.35,-0.4,0.75,0.91,0
6.064694166183472,-0.29,-0.33,0.57,0.71,0
6.069512128829956,-0.44,0.1,0.53,0.69,0
6.079684019088745,-0.72,0.61,0.37,1.01,0
6.0904860496521,-0.77,0.82,0.08,1.12,0
6.099503040313721,-0.96,0.68,0.17,1.18,0
6.1146080493927,-1.08,0.31,0.81,1.38,0
6.119641065597534,-0.73,0.05,1.33,1.51,0
6.129511117935181,-0.12,0.07,1.19,1.19,0
6.140215158462524,0.53,0.21,0.85,1.02,0
6.149173021316528,1.03,0.08,0.69,1.24,0
6.163942098617554,1.13,-0.35,0.6,1.32,0
6.168835878372192,0.93,-0.72,0.48,1.27,0
6.178915977478027,0.83,-0.73,0.43,1.18,0
6.189784049987793,0.99,-0.5,0.93,1.44,0
6.1993629932403564,1.28,-0.41,1.46,1.98,0
6.21375298500061,1.47,-0.64,1.56,2.23,0
6.218930959701538,1.63,-1.18,1.82,2.71,0
6.228602170944214,2.03,-1.85,1.99,3.39,0
6.239399194717407,2.29,-2.37,1.94,3.82,0
6.248469114303589,2.52,-2.61,1.96,4.12,0
6.261596918106079,2.71,-2.75,2.05,4.37,0
6.268210172653198,2.83,-3.0,1.87,4.52,0
6.278402090072632,2.86,-3.32,1.45,4.61,0
6.289107084274292,2.69,-3.53,1.04,4.55,0
6.298160076141357,2.5,-3.62,0.68,4.45,0
6.311776876449585,2.29,-3.69,0.53,4.37,0
6.317857980728149,2.08,-3.77,0.59,4.34,0
6.327916860580444,1.89,-3.8,0.56,4.28,0
6.338926076889038,2.13,-3.85,0.59,4.43,0
6.347527980804443,2.59,-4.03,0.59,4.82,0
6.360939025878906,2.83,-4.21,0.46,5.09,0
6.367512941360474,2.98,-4.31,0.39,5.25,0
6.377611875534058,2.93,-4.38,0.39,5.28,0
6.388580083847046,2.66,-4.37,0.3,5.12,0
6.397465944290161,2.23,-4.29,0.11,4.83,0
6.411761045455933,1.85,-4.17,-0.05,4.56,0
6.416999101638794,1.7,-3.96,-0.06,4.3,0
6.427325010299683,1.61,-3.69,0.1,4.02,0
6.438245058059692,1.44,-3.44,0.12,3.73,0
6.4470250606536865,1.52,-3.18,0.08,3.52,0
6.460134029388428,1.76,-2.86,0.03,3.35,0
6.4668519496917725,1.87,-2.53,-0.01,3.14,0
6.476943016052246,1.79,-2.25,0.03,2.87,0
6.487877130508423,1.55,-1.92,0.09,2.46,0
6.496609926223755,1.4,-1.5,0.21,2.06,0
6.5096189975738525,1.38,-1.19,0.39,1.86,0
6.5165112018585205,1.4,-1.1,0.33,1.81,0
6.526707887649536,1.28,-1.09,0.19,1.69,0
6.537576913833618,1.16,-1.08,0.16,1.59,0
6.546411991119385,1.05,-0.95,0.13,1.42,0
6.559329032897949,0.75,-0.73,-0.03,1.04,0
6.566289186477661,0.24,-0.49,-0.08,0.55,0
6.576463937759399,-0.21,-0.17,0.03,0.27,0
6.587237119674683,-0.26,0.12,0.19,0.34,0
6.5960471630096436,0.1,0.2,0.38,0.44,0
6.609104871749878,0.51,0.13,0.54,0.75,0
6.615862131118774,0.76,0.07,0.52,0.92,0
6.626461029052734,0.89,0.01,0.28,0.93,0
6.63672399520874,0.74,0.1,0.06,0.74,0
6.645745038986206,0.32,0.34,0.0,0.46,0
6.658819913864136,-0.19,0.51,-0.11,0.55,0
6.665621995925903,-0.76,0.65,-0.33,1.05,0
6.675427198410034,-1.17,0.73,-0.54,1.48,0
6.686429023742676,-1.43,0.95,-0.59,1.81,0
6.695465087890625,-1.62,1.2,-0.51,2.07,0
6.708283185958862,-1.54,1.24,-0.09,1.97,0
6.715245962142944,-1.07,1.25,0.3,1.67,0
6.725259065628052,-0.58,1.29,0.51,1.5,0
6.736140012741089,-0.27,1.24,0.56,1.38,0
6.7450339794158936,-0.22,1.16,0.62,1.33,0
6.758055925369263,-0.29,1.18,0.63,1.36,0
6.764925003051758,-0.54,1.24,0.59,1.47,0
6.774853944778442,-0.86,1.11,0.54,1.5,0
6.785752058029175,-1.24,0.99,0.56,1.68,0
6.794685125350952,-1.51,1.14,0.88,2.08,0
6.80754017829895,-1.45,1.32,1.55,2.49,0
6.814529180526733,-1.3,1.45,1.91,2.72,0
6.824434995651245,-0.87,1.6,1.99,2.69,0
6.835530042648315,-0.19,1.87,1.91,2.67,0
6.844422101974487,0.27,2.01,1.63,2.6,0
6.857558012008667,0.43,1.97,1.43,2.47,0
6.864029169082642,0.59,1.97,1.43,2.5,0
6.8741090297698975,0.47,2.18,1.44,2.65,0
6.885090112686157,-0.05,2.54,1.36,2.88,0
6.894041061401367,-0.76,2.75,1.18,3.08,0
6.9071009159088135,-1.33,2.79,0.95,3.23,0
6.91385293006897,-1.55,2.84,0.77,3.32,0
6.923730134963989,-1.5,2.76,0.69,3.21,0
6.93467116355896,-1.46,2.56,0.66,3.02,0
6.94350004196167,-1.48,2.48,0.71,2.97,0
6.956516981124878,-1.55,2.52,0.74,3.04,0
6.963424921035767,-1.6,2.52,0.67,3.05,0
6.973294973373413,-1.74,2.42,0.61,3.04,0
6.984490156173706,-2.06,2.28,0.5,3.11,0
6.993230104446411,-2.31,2.17,0.33,3.18,0
7.0064918994903564,-2.46,2.08,0.21,3.22,0
7.013267993927002,-2.53,1.93,0.19,3.18,0
7.023004055023193,-2.5,1.76,0.23,3.06,0
7.034178972244263,-2.48,1.64,0.29,2.98,0
7.04298996925354,-2.46,1.49,0.37,2.89,0
7.056074857711792,-2.33,1.33,0.48,2.72,0
7.062838077545166,-2.04,1.16,0.61,2.42,0
7.072757005691528,-1.47,0.99,0.73,1.91,0
7.083944082260132,-0.66,0.76,0.95,1.38,0
7.092599153518677,-0.07,0.4,1.12,1.19,0
7.105798006057739,0.24,-0.08,0.97,1.0,0
7.1123130321502686,0.24,-0.66,0.54,0.88,0
7.122488021850586,0.11,-1.22,-0.01,1.22,0
7.13349986076355,0.1,-1.57,-0.49,1.64,0
7.142367124557495,0.14,-1.85,-0.75,2.0,0
7.155559062957764,-0.05,-2.26,-0.92,2.44,0
7.162016153335571,-0.44,-2.54,-1.13,2.81,0
7.17215895652771,-0.82,-2.6,-1.39,3.06,0
7.1830830574035645,-1.04,-2.44,-1.61,3.1,0
7.191941976547241,-0.9,-2.23,-1.29,2.72,0
7.20499587059021,-0.52,-2.17,-0.81,2.37,0
7.21160101890564,-0.13,-2.18,-0.72,2.29,0
7.221667051315308,0.12,-2.1,-0.88,2.28,0
7.2328760623931885,0.48,-2.05,-0.68,2.21,0
7.241443872451782,0.8,-2.01,-0.32,2.18,0
7.254793882369995,1.15,-1.88,-0.1,2.2,0
7.261337995529175,1.67,-1.79,-0.27,2.46,0
7.271394968032837,1.55,-1.61,-0.47,2.28,0
7.2825329303741455,0.82,-1.44,-0.05,1.65,0
7.291079044342041,0.84,-1.74,0.44,1.98,0
7.304435968399048,2.1,-2.26,0.46,3.11,0
7.311078071594238,2.61,-1.42,0.51,3.01,0
7.321258068084717,2.15,-0.6,0.82,2.37,0
7.332130193710327,1.55,-0.44,0.83,1.81,0
7.3408050537109375,1.3,-0.25,0.95,1.62,0
7.354206085205078,1.07,0.13,1.04,1.49,0
7.3607261180877686,0.87,0.45,0.99,1.39,0
7.370627164840698,1.06,0.44,0.96,1.49,0
7.381826162338257,1.57,0.13,0.97,1.85,0
7.390403985977173,2.14,-0.08,1.1,2.4,0
7.403979063034058,2.61,-0.18,1.25,2.89,0
7.410346984863281,3.1,-0.26,1.38,3.4,0
7.420444011688232,3.08,-0.69,1.41,3.45,0
7.4315431118011475,1.84,-1.22,0.4,2.24,0
7.44001317024231,1.41,-1.03,-0.08,1.74,0
7.453477144241333,0.67,-0.68,-0.15,0.96,0
7.460015058517456,0.24,-0.53,-0.31,0.65,0
7.4699389934539795,0.27,-0.53,-0.89,1.07,0
7.4811999797821045,0.3,-0.61,-1.29,1.45,0
7.489624977111816,0.59,-0.58,-1.23,1.48,0
7.503093004226685,0.6,-0.21,-1.32,1.46,0
7.509753942489624,0.33,0.05,-1.69,1.72,0
7.519617080688477,-0.05,0.02,-2.01,2.01,0
7.530845880508423,-0.58,-0.02,-1.94,2.02,0
7.539250135421753,-0.9,0.12,-1.6,1.83,0
7.55279803276062,-0.93,0.39,-1.26,1.61,0
7.559351205825806,-0.75,0.56,-1.07,1.42,0
7.56923508644104,-0.41,0.6,-1.03,1.26,0
7.5804479122161865,0.09,0.51,-0.73,0.89,0
7.589040040969849,0.59,0.44,-0.17,0.75,0
7.6023170948028564,0.94,0.44,0.1,1.04,0
7.6090171337127686,1.05,0.31,-0.02,1.09,0
7.618921995162964,0.91,0.16,-0.14,0.93,0
7.630079030990601,0.63,0.1,0.05,0.63,0
7.638696908950806,0.33,0.16,0.38,0.52,0
7.652086019515991,0.09,0.29,0.63,0.69,0
7.658671140670776,0.07,0.34,0.84,0.9,0
7.668545961380005,0.19,0.32,0.92,0.99,0
7.679744005203247,0.28,0.21,0.91,0.97,0
7.6881890296936035,0.31,0.02,0.92,0.97,0
7.701830148696899,0.21,-0.09,0.95,0.97,0
7.708291053771973,0.04,-0.21,0.89,0.91,0
7.718225002288818,-0.08,-0.31,0.81,0.87,0
7.729464054107666,-0.13,-0.28,0.75,0.81,0
7.737900018692017,-0.2,-0.06,0.75,0.77,0
7.751413106918335,-0.18,0.18,0.85,0.88,0
7.758569955825806,-0.07,0.24,0.95,0.98,0
7.767902135848999,0.15,0.07,1.09,1.1,0
7.779016017913818,0.36,-0.1,1.11,1.17,0
7.78764796257019,0.49,-0.14,1.02,1.14,0
7.801105976104736,0.47,-0.19,1.0,1.12,0
7.807578086853027,0.17,-0.21,0.91,0.94,0
7.8176140785217285,-0.12,-0.13,0.76,0.78,0
7.828577995300293,-0.28,0.04,0.63,0.69,0
7.837453126907349,-0.48,0.07,0.55,0.73,0
7.850779056549072,-0.66,-0.08,0.53,0.85,0
7.857679128646851,-0.64,-0.3,0.47,0.84,0
7.86727499961853,-0.58,-0.5,0.41,0.86,0
7.878300905227661,-0.56,-0.67,0.37,0.94,0
7.886947870254517,-0.68,-0.7,0.59,1.14,0
7.900552034378052,-0.75,-0.46,0.87,1.23,0
7.906821012496948,-0.68,-0.22,0.78,1.05,0
7.916982889175415,-0.64,-0.26,0.57,0.89,0
7.928049087524414,-0.54,-0.32,0.58,0.85,0
7.93664813041687,-0.51,-0.35,0.51,0.8,0
7.9498820304870605,-0.57,-0.35,0.13,0.68,0
7.956393003463745,-0.54,-0.33,-0.28,0.69,0
7.96675705909729,-0.46,-0.2,-0.6,0.78,0
7.977708101272583,-0.37,-0.14,-0.41,0.56,0
7.986375093460083,-0.31,-0.27,-0.18,0.44,0
8.001619100570679,-0.21,-0.44,-0.26,0.55,0
8.006002187728882,-0.1,-0.47,-0.4,0.62,0
8.016265153884888,-0.02,-0.53,-0.56,0.77,0
8.027464151382446,-0.04,-0.51,-0.56,0.75,0
8.034672021865845,-0.02,-0.38,-0.45,0.58,0
8.048630952835083,0.08,-0.08,-0.28,0.3,0
8.054328203201294,-0.13,0.28,-0.03,0.31,0
8.064561128616333,-0.41,0.53,0.07,0.67,0
8.075523138046265,-0.5,0.75,-0.14,0.91,0
8.084327936172485,-0.27,0.74,-0.47,0.91,0
8.097502946853638,-0.05,0.54,-0.46,0.71,0
8.104726076126099,-0.12,0.41,-0.13,0.44,0
8.114150047302246,-0.22,0.28,0.07,0.36,0
8.125195980072021,-0.26,0.12,0.02,0.28,0
8.134093046188354,-0.35,0.05,-0.11,0.37,0
8.148346185684204,-0.43,0.08,-0.12,0.45,0
8.153771162033081,-0.44,0.11,-0.04,0.45,0
8.163832902908325,-0.35,0.11,0.01,0.36,0
8.174887895584106,-0.17,0.06,-0.05,0.18,0
8.18373703956604,-0.03,0.0,-0.09,0.09,0
8.198822975158691,-0.06,-0.1,-0.09,0.14,0
8.203848123550415,-0.15,-0.22,-0.15,0.3,0
8.213458061218262,-0.1,-0.26,-0.13,0.3,0
8.224575996398926,-0.06,-0.27,0.04,0.27,0
8.233393907546997,0.0,-0.25,0.15,0.29,0
8.248300075531006,0.07,-0.18,0.1,0.21,0
8.2536461353302,0.09,-0.15,0.09,0.19,0
8.263141870498657,0.06,-0.13,0.1,0.17,0
8.274068117141724,0.07,-0.11,0.09,0.15,0
8.283011198043823,0.13,-0.13,0.1,0.2,0
8.297773122787476,0.23,-0.2,0.15,0.33,0
8.303376913070679,0.28,-0.21,0.24,0.42,0
8.312804937362671,0.23,-0.19,0.2,0.35,0
8.323708057403564,0.18,-0.2,0.1,0.28,0
8.332566976547241,0.15,-0.17,0.11,0.25,0
8.346870183944702,0.11,-0.12,0.13,0.2,0
8.352411985397339,0.04,-0.11,0.1,0.15,0
8.362569093704224,-0.03,-0.12,-0.01,0.12,0
8.373181104660034,-0.06,-0.12,-0.01,0.13,0
8.382457971572876,-0.06,-0.12,0.04,0.13,0
8.39699912071228,-0.04,-0.13,0.06,0.14,0
8.402582883834839,-0.02,-0.12,0.04,0.12,0
8.412276029586792,-0.03,-0.1,-0.01,0.1,0
8.42303204536438,-0.04,-0.08,0.02,0.09,0
8.432476043701172,-0.08,-0.08,0.11,0.15,0
8.446790933609009,-0.11,-0.08,0.1,0.16,0
8.452344179153442,-0.14,-0.12,0.04,0.18,0
8.461762189865112,-0.17,-0.15,0.03,0.22,0
8.472733974456787,-0.14,-0.14,0.08,0.21,0
8.482133150100708,-0.08,-0.11,0.12,0.18,0
8.496193170547485,-0.03,-0.13,0.07,0.15,0
8.501945972442627,-0.01,-0.18,0.02,0.18,0
8.511438131332397,-0.04,-0.24,0.0,0.24,0
8.522338151931763,-0.05,-0.27,-0.04,0.27,0
8.531359910964966,-0.07,-0.28,-0.06,0.29,0
8.546277046203613,-0.1,-0.26,-0.07,0.28,0
8.551537990570068,-0.12,-0.22,-0.04,0.25,0
8.561017990112305,-0.1,-0.21,0.07,0.24,0
8.572068929672241,-0.07,-0.25,0.1,0.27,0
8.581033945083618,-0.08,-0.27,0.05,0.28,0
8.594739198684692,-0.11,-0.25,0.04,0.27,0
8.600750207901001,-0.09,-0.18,0.07,0.21,0
8.610755205154419,0.0,-0.11,0.18,0.21,0
8.621814966201782,0.05,-0.08,0.25,0.26,0
8.63086485862732,0.1,-0.02,0.18,0.2,0
8.64453387260437,0.1,0.0,0.1,0.14,0
8.650441884994507,0.05,-0.02,0.13,0.14,0
8.660368204116821,-0.02,-0.02,0.13,0.13,0
8.67143702507019,-0.07,-0.02,0.08,0.1,0
8.680392026901245,-0.11,-0.06,0.06,0.13,0
8.693471193313599,-0.16,-0.13,0.13,0.24,0
8.700551986694336,-0.15,-0.15,0.14,0.25,0
8.710098028182983,-0.1,-0.17,0.14,0.24,0
8.720990896224976,-0.1,-0.18,0.21,0.29,0
8.729825019836426,-0.1,-0.18,0.19,0.28,0
8.744099855422974,-0.1,-0.17,0.1,0.22,0
8.74970006942749,-0.15,-0.19,0.05,0.24,0
8.75969910621643,-0.16,-0.19,0.01,0.24,0
8.770807027816772,-0.13,-0.19,0.02,0.23,0
8.779697179794312,-0.13,-0.17,0.06,0.22,0
8.794039964675903,-0.04,-0.17,0.08,0.19,0
8.79955005645752,0.06,-0.23,0.11,0.26,0
8.809664011001587,0.11,-0.24,0.1,0.28,0
8.820397138595581,0.11,-0.19,0.08,0.23,0
8.82924199104309,0.09,-0.13,0.08,0.17,0
8.842339038848877,0.04,-0.1,0.03,0.11,0
8.849297046661377,0.03,-0.07,-0.02,0.07,0
8.859182119369507,0.06,-0.05,-0.01,0.07,0
8.870156049728394,0.05,-0.06,0.02,0.08,0
8.87888503074646,0.06,-0.05,0.02,0.08,0
8.893210172653198,0.1,-0.04,-0.01,0.1,0
8.89897894859314,0.13,-0.11,0.0,0.17,0
8.908837080001831,0.1,-0.15,-0.02,0.18,0
8.919854879379272,0.0,-0.16,-0.09,0.18,0
8.928714036941528,-0.1,-0.13,-0.13,0.2,0
8.941699028015137,-0.11,-0.08,-0.16,0.21,0
8.948540925979614,-0.12,-0.05,-0.17,0.21,0
8.958339929580688,-0.12,-0.03,-0.15,0.19,0
8.969439029693604,-0.06,-0.02,-0.12,0.13,0
8.97816014289856,0.0,-0.02,-0.15,0.15,0
8.991359949111938,0.06,-0.04,-0.12,0.13,0
8.998148202896118,0.11,-0.04,-0.03,0.12,0
9.008143186569214,0.06,-0.05,0.06,0.09,0
9.0190908908844,0.01,-0.04,0.05,0.06,0
9.027951002120972,-0.02,-0.05,-0.04,0.06,0
9.040938138961792,-0.07,-0.14,-0.03,0.15,0
9.047759056091309,-0.09,-0.18,-0.03,0.2,0
9.057788133621216,-0.11,-0.18,0.0,0.21,0
9.068546056747437,-0.11,-0.16,0.1,0.21,0
9.077666997909546,-0.03,-0.11,0.1,0.15,0
9.090687990188599,0.03,-0.06,0.04,0.07,0
9.097512006759644,0.05,-0.07,0.05,0.09,0
9.107271909713745,0.05,-0.1,0.07,0.13,0
9.118447065353394,-0.02,-0.11,0.0,0.11,0
9.127343893051147,-0.1,-0.12,-0.1,0.18,0
9.140233039855957,-0.06,-0.15,-0.04,0.16,0
9.14722990989685,-0.07,-0.19,0.09,0.22,0
9.156943082809448,-0.07,-0.19,0.07,0.21,0
9.168190002441406,-0.02,-0.2,0.03,0.2,0
9.176791906356812,0.01,-0.19,0.08,0.2,0
9.189965009689331,-0.01,-0.18,0.1,0.2,0
9.197030067443848,-0.03,-0.17,0.07,0.18,0
9.206723928451538,-0.05,-0.14,0.0,0.14,0
9.217823028564453,-0.04,-0.09,-0.04,0.1,0
9.226688146591187,-0.01,-0.07,0.0,0.07,0
9.239703893661499,0.0,-0.05,-0.02,0.05,0
9.246515989303589,0.04,-0.03,-0.08,0.09,0
9.256278038024902,0.07,-0.05,-0.02,0.08,0
9.267608880996704,0.08,-0.08,-0.04,0.12,0
9.276065111160278,0.08,-0.08,-0.09,0.14,0
9.289342164993286,0.09,-0.07,-0.07,0.13,0
9.296168088912964,0.09,-0.08,-0.01,0.12,0
9.305813074111938,0.11,-0.08,0.02,0.13,0
9.317172050476074,0.09,-0.05,0.03,0.1,0
9.325629949569702,0.07,-0.04,0.03,0.08,0
9.3401038646698,0.08,-0.05,0.02,0.09,0
9.345639944076538,0.04,-0.09,0.01,0.09,0
9.355672121047974,-0.01,-0.12,-0.02,0.12,0
9.366899013519287,-0.05,-0.13,-0.09,0.16,0
9.375568151473999,-0.05,-0.16,-0.11,0.2,0
9.39010500907898,-0.08,-0.19,-0.05,0.21,0
9.395240068435669,-0.07,-0.18,0.0,0.19,0
9.405354022979736,-0.02,-0.11,-0.01,0.11,0
9.416468858718872,0.0,-0.08,-0.04,0.08,0
9.42516803741455,0.0,-0.1,-0.02,0.1,0
9.438539028167725,-0.03,-0.08,0.02,0.08,0
9.445096969604492,-0.06,-0.02,-0.1,0.11,0
9.454932928085327,-0.1,0.03,-0.18,0.2,0
9.466141939163208,-0.09,-0.02,-0.1,0.13,0
9.474820852279663,-0.05,-0.07,0.03,0.09,0
9.488054037094116,-0.01,-0.08,0.07,0.1,0
9.494477033615112,0.02,-0.08,0.07,0.1,0
9.504733085632324,0.07,-0.08,0.1,0.14,0
9.515701055526733,0.09,-0.08,0.11,0.16,0
9.524533033370972,0.11,-0.08,0.13,0.18,0
9.537777185440063,0.1,-0.1,0.13,0.19,0
9.544376134872437,0.06,-0.12,0.12,0.18,0
9.554435968399048,0.05,-0.1,0.1,0.15,0
9.565590143203735,0.02,-0.06,0.02,0.06,0
9.574130058288574,0.01,-0.07,0.03,0.07,0
9.587557077407837,-0.01,-0.09,0.04,0.09,0
9.593913078308105,-0.02,-0.09,0.0,0.09,0
9.603853940963745,-0.04,-0.09,-0.08,0.12,0
9.615121126174927,-0.01,-0.1,-0.06,0.11,0
9.623725175857544,0.02,-0.12,-0.01,0.12,0
9.637283086776733,0.01,-0.11,-0.03,0.11,0
9.643545866012573,-0.03,-0.11,-0.04,0.12,0
9.653604984283447,-0.05,-0.12,-0.05,0.13,0
9.664790868759155,-0.02,-0.13,-0.02,0.13,0
9.673511028289795,0.0,-0.16,0.0,0.16,0
9.686710119247437,0.01,-0.17,0.0,0.17,0
9.693379163742065,0.0,-0.15,-0.02,0.15,0
9.703224897384644,0.0,-0.09,-0.04,0.09,0
9.71433711051941,0.0,-0.07,-0.01,0.07,0
9.72316288948059,-0.01,-0.05,0.02,0.05,0
9.73654294013977,-0.02,-0.03,-0.02,0.04,0
9.742980003356934,-0.01,0.0,-0.13,0.13,0
9.753046989440918,0.01,-0.02,-0.1,0.1,0
9.764121055603027,-0.01,-0.07,-0.02,0.07,0
9.772614002227783,-0.03,-0.11,-0.03,0.11,0
9.787569046020508,-0.05,-0.11,-0.04,0.12,0
9.792541027069092,-0.04,-0.11,-0.01,0.11,0
9.802560091018677,0.01,-0.13,0.02,0.13,0
9.813477039337158,0.01,-0.13,0.04,0.13,0
9.822497129440308,0.02,-0.09,0.0,0.09,0
9.83711314201355,0.0,-0.07,-0.02,0.07,0
9.842257022857666,-0.06,-0.08,-0.05,0.11,0
9.852302074432373,-0.1,-0.07,-0.1,0.15,0
9.863312005996704,-0.07,-0.06,-0.1,0.13,0
9.872035026550293,-0.07,-0.07,-0.02,0.1,0
9.885587930679321,-0.04,-0.08,0.03,0.09,0
9.89172101020813,0.04,-0.08,0.05,0.1,0
9.901847124099731,0.08,-0.06,0.05,0.11,0
9.91281008720398,0.07,-0.06,0.06,0.11,0
9.921627044677734,0.04,-0.05,0.04,0.07,0
9.934993982315063,0.0,-0.05,0.01,0.05,0
9.941344022750854,-0.03,-0.05,0.0,0.05,0
9.951625108718872,-0.04,-0.08,-0.02,0.09,0
9.962508916854858,-0.03,-0.08,-0.02,0.08,0
9.971232175827026,-0.02,-0.08,0.02,0.08,0
9.984570980072021,0.0,-0.1,0.02,0.1,0
9.991142988204956,0.0,-0.08,-0.03,0.08,0
10.001053094863892,0.02,-0.08,0.0,0.08,0
10.012470960617065,0.01,-0.09,0.02,0.09,0
10.020952939987183,-0.02,-0.09,-0.04,0.1,0
10.03597617149353,-0.03,-0.08,-0.05,0.09,0
10.04105019569397,-0.04,-0.1,-0.06,0.12,0
10.050782918930054,-0.03,-0.1,-0.03,0.1,0
10.06191086769104,-0.01,-0.09,-0.03,0.09,0
10.070739030838013,0.0,-0.07,-0.02,0.07,0
10.085098028182983,0.02,-0.09,-0.02,0.09,0
10.090553998947144,0.03,-0.12,-0.03,0.12,0
10.100605010986328,0.02,-0.11,-0.01,0.11,0
10.111500978469849,0.02,-0.12,0.0,0.12,0
10.120278120040894,0.0,-0.12,-0.02,0.12,0
10.133710145950317,-0.02,-0.11,-0.03,0.11,0
10.140112161636353,-0.02,-0.08,-0.02,0.08,0
10.150450944900513,-0.03,-0.06,-0.04,0.07,0
10.161285161972046,-0.02,-0.06,-0.07,0.09,0
10.169913053512573,-0.01,-0.05,-0.07,0.08,0
10.18405795097351,0.0,-0.07,-0.06,0.09,0
10.189704179763794,0.03,-0.1,-0.06,0.12,0
10.199959993362427,-0.02,-0.14,-0.03,0.14,0
10.210951089859009,-0.01,-0.13,0.0,0.13,0
10.219681024551392,0.04,-0.12,0.04,0.13,0
10.232877969741821,0.05,-0.13,0.01,0.13,0
10.239533185958862,0.03,-0.1,-0.04,0.11,0
10.249624013900757,-0.04,-0.06,-0.06,0.09,0
10.26072096824646,-0.1,-0.02,-0.1,0.14,0
10.269383192062378,-0.14,0.0,-0.11,0.17,0
10.284607172012329,-0.13,-0.03,-0.07,0.15,0
10.289155006408691,-0.08,-0.06,-0.02,0.1,0
10.299288988113403,-0.03,-0.09,0.04,0.1,0
10.310311079025269,0.0,-0.11,0.1,0.14,0
10.319162130355835,0.06,-0.09,0.09,0.14,0
10.33422589302063,0.09,-0.07,0.08,0.13,0
10.339035034179688,0.09,-0.04,0.11,0.14,0
10.348694086074829,0.09,-0.04,0.12,0.15,0
10.360023021697998,0.06,-0.06,0.08,0.11,0
10.368710041046143,0.03,-0.08,0.01,0.08,0
10.383709192276001,0.0,-0.08,-0.01,0.08,0
10.3890221118927,-0.01,-0.07,0.01,0.07,0
10.398587942123413,-0.03,-0.06,-0.01,0.06,0
10.409611940383911,0.02,-0.07,-0.04,0.08,0
10.4184410572052,0.05,-0.11,-0.01,0.12,0
10.43337893486023,0.03,-0.12,0.01,0.12,0
10.438693046569824,0.02,-0.11,-0.03,0.11,0
10.448537111282349,0.0,-0.11,-0.03,0.11,0
10.45902419090271,0.01,-0.1,-0.03,0.1,0
10.467961072921753,0.03,-0.1,-0.02,0.1,0
10.483214139938354,0.04,-0.09,-0.05,0.11,0
10.48843002319336,0.05,-0.11,-0.09,0.15,0
10.498355150222778,0.02,-0.11,-0.11,0.15,0
10.508708000183105,0.02,-0.08,-0.1,0.12,0
10.517490148544312,-0.02,-0.07,-0.1,0.12,0
10.530847072601318,-0.04,-0.05,-0.1,0.11,0
10.537499189376831,-0.03,-0.06,-0.07,0.09,0
10.547461032867432,-0.03,-0.05,-0.01,0.05,0
10.558505058288574,-0.02,-0.06,-0.02,0.06,0
10.567227125167847,0.01,-0.07,-0.02,0.07,0
10.580610990524292,0.0,-0.09,0.02,0.09,0
10.58713698387146,0.01,-0.1,0.06,0.11,0
10.597296953201294,0.04,-0.09,0.08,0.12,0
10.608144998550415,0.05,-0.08,0.06,0.11,0
10.617069959640503,0.02,-0.06,0.08,0.1,0
10.6302330493927,0.01,-0.03,0.09,0.09,0
10.636668920516968,0.02,-0.03,0.05,0.06,0
10.646825075149536,0.0,-0.01,0.01,0.01,0
10.65765118598938,-0.03,-0.01,0.0,0.03,0
10.666526079177856,-0.02,-0.03,0.0,0.03,0
10.679858922958374,-0.02,-0.04,0.04,0.06,0
10.686264991760254,0.0,-0.04,0.06,0.07,0
10.696621179580688,0.06,-0.05,0.04,0.08,0
10.707375049591064,0.08,-0.07,0.03,0.11,0
10.71631407737732,0.02,-0.07,0.04,0.08,0
10.729449987411499,-0.02,-0.07,0.03,0.07,0
10.736003160476685,-0.02,-0.09,0.01,0.09,0
10.746040105819702,-0.04,-0.12,0.01,0.12,0
10.75670313835144,-0.06,-0.12,0.01,0.13,0
10.765820026397705,-0.01,-0.12,0.01,0.12,0
10.779253005981445,0.02,-0.11,0.02,0.11,0
10.78582215309143,0.04,-0.09,0.07,0.12,0
10.795718908309937,0.07,-0.07,0.07,0.12,0
10.806730031967163,0.06,-0.08,0.04,0.1,0
10.815746068954468,0.01,-0.11,0.0,0.11,0
10.82885193824768,0.0,-0.12,0.03,0.12,0
10.83559799194336,-0.03,-0.14,0.06,0.15,0
10.845254182815552,-0.03,-0.14,0.04,0.14,0
10.856364011764526,-0.04,-0.12,0.05,0.13,0
10.865337133407593,-0.02,-0.09,0.08,0.12,0
10.878236055374146,-0.02,-0.05,0.06,0.08,0
10.885140180587769,-0.04,-0.05,0.01,0.06,0
10.895087957382202,-0.01,-0.04,0.05,0.06,0
10.905842065811157,-0.01,-0.02,-0.03,0.03,0
10.914817094802856,-0.05,-0.03,-0.03,0.06,0
10.92827296257019,-0.06,-0.06,0.02,0.08,0
10.93481707572937,-0.09,-0.07,-0.05,0.12,0
10.944568872451782,-0.08,-0.07,-0.05,0.11,0
10.955795049667358,-0.03,-0.08,0.03,0.09,0
10.964493989944458,0.01,-0.08,0.04,0.09,0
10.977627992630005,0.07,-0.08,0.06,0.12,0
10.984585046768188,0.09,-0.09,0.1,0.16,0
10.994463205337524,0.04,-0.1,0.06,0.12,0
11.005324125289917,-0.01,-0.07,-0.04,0.08,0
11.01443600654602,-0.04,-0.06,0.0,0.07,0
11.027817964553833,-0.04,-0.05,0.05,0.08,0
11.03416895866394,-0.02,-0.03,0.01,0.03,0
11.044082880020142,-0.02,0.03,0.02,0.04,0
11.05498194694519,-0.02,0.04,0.05,0.06,0
11.063852071762085,0.0,-0.06,0.05,0.07,0
11.07692003250122,-0.01,-0.13,0.02,0.13,0
11.08386492729187,0.02,-0.16,0.06,0.17,0
11.093815088272095,0.03,-0.14,0.11,0.18,0
11.104686975479126,-0.01,-0.06,0.04,0.07,0
11.113687992095947,-0.05,0.03,-0.02,0.06,0
11.126679182052612,-0.07,0.05,-0.04,0.09,0
11.133435010910034,-0.06,0.03,-0.05,0.08,0
11.143445014953613,0.02,0.0,-0.04,0.04,0
11.15432095527649,0.02,-0.08,0.02,0.08,0
11.1633939743042,-0.07,-0.14,0.11,0.19,0
11.176249980926514,-0.3,-0.1,0.14,0.34,0
11.18311619758606,-0.36,-0.08,0.28,0.46,0
11.193112134933472,-0.33,-0.02,0.47,0.57,0
11.204155206680298,-0.39,0.09,0.61,0.72,0
11.213006973266602,-0.36,0.14,0.8,0.88,0
11.225790977478027,-0.39,0.16,0.91,1.0,0
11.232707023620605,-0.44,0.39,0.94,1.1,0
11.242603063583374,-0.55,1.01,0.97,1.5,0
11.253357172012329,-0.96,1.79,1.06,2.29,0
11.262359857559204,-1.66,2.63,1.37,3.39,0
11.275634050369263,-2.49,3.74,1.84,4.85,0
11.282508134841919,-3.22,4.69,2.26,6.12,0
11.292119026184082,-3.22,5.39,2.89,6.91,1
11.303143978118896,-3.15,6.11,3.29,7.62,1
11.312288045883179,-3.25,7.0,3.49,8.47,1
11.325239896774292,-3.52,8.17,3.82,9.68,1
11.332182168960571,-4.21,9.71,3.69,11.2,1
11.341824054718018,-5.36,11.28,2.97,12.83,1
11.352673053741455,-6.52,12.23,1.79,13.97,1
11.361649990081787,-7.53,12.9,0.51,14.94,1
11.3749840259552,-8.77,13.82,-0.28,16.37,1
11.382031202316284,-10.02,14.63,-0.1,17.73,1
11.391649961471558,-10.85,14.63,0.9,18.23,1
11.40283203125,-11.34,13.93,1.6,18.03,1
11.411400079727173,-10.58,12.69,1.89,16.62,1
11.42402195930481,-9.52,10.94,1.87,14.62,1
11.431333065032959,-8.52,8.07,2.37,11.97,1
11.441120862960815,-6.79,4.09,3.01,8.47,1
11.452178001403809,-5.4,-0.61,3.23,6.32,1
11.461116075515747,-3.91,-5.4,3.78,7.66,1
11.473675012588501,-2.25,-9.87,4.26,10.98,1
11.480965852737427,-0.27,-13.07,4.0,13.67,1
11.490684986114502,2.3,-15.49,3.5,16.04,1
11.501901865005493,5.73,-17.09,3.4,18.34,1
11.510749101638794,10.14,-18.04,3.45,20.98,1
11.523925065994263,13.93,-19.2,2.56,23.85,1
11.530755043029785,16.99,-19.44,0.75,25.82,1
11.540496110916138,18.68,-17.68,-1.09,25.74,1
11.551429033279419,18.99,-13.58,-3.44,23.59,1
11.560293912887573,19.1,-7.91,-5.69,21.44,1
11.573716878890991,18.09,-2.37,-6.23,19.27,1
11.580470085144043,16.54,1.88,-4.62,17.27,1
11.590088129043579,14.79,2.97,-2.05,15.22,1
11.601092100143433,12.61,0.78,-0.16,12.63,1
11.61001992225647,11.37,-2.49,1.69,11.76,1
11.623149156570435,9.42,-5.45,3.24,11.35,1
11.630080938339233,5.58,-6.2,4.64,9.54,1
11.639733076095581,3.31,-7.27,5.49,9.69,1
11.65073299407959,0.99,-9.4,5.65,11.01,1
11.659609079360962,-0.76,-11.31,6.51,13.07,1
11.672911882400513,-1.25,-12.03,5.7,13.37,1
11.679742097854614,-1.5,-11.84,4.6,12.79,1
11.689395189285278,-1.39,-11.4,3.69,12.06,1
11.700392961502075,-0.86,-10.89,2.27,11.15,1
11.709321975708008,-0.28,-10.19,1.04,10.24,1
11.722563982009888,-0.06,-9.43,0.69,9.45,1
11.72950005531311,0.09,-8.71,0.98,8.76,1
11.738962888717651,0.55,-8.04,0.99,8.11,1
11.750051021575928,0.72,-7.45,0.6,7.5,1
11.759196996688843,0.6,-6.93,-0.13,6.95,1
11.772350072860718,-0.14,-6.28,-0.69,6.31,1
11.77903699874878,-0.72,-5.33,-1.0,5.47,0
11.788668870925903,-1.03,-4.27,-1.67,4.69,0
11.800065994262695,-1.74,-3.55,-2.67,4.77,0
11.808835983276367,-2.02,-3.37,-3.0,4.94,0
11.821810960769653,-1.98,-3.3,-3.11,4.94,0
11.828692197799683,-1.95,-2.83,-3.27,4.74,0
11.838299036026001,-1.56,-1.55,-3.33,3.99,0
11.849438905715942,-1.35,0.55,-3.8,4.07,0
11.858566999435425,-1.29,2.48,-4.3,5.12,0
11.871763944625854,-1.23,3.19,-4.17,5.39,0
11.878323078155518,-1.16,2.75,-4.2,5.15,0
11.888007879257202,-1.0,2.1,-4.56,5.11,0
11.89918303489685,-1.31,1.92,-4.77,5.3,0
11.908217191696167,-1.72,2.09,-4.66,5.38,0
11.921305894851685,-1.98,2.58,-4.6,5.63,0
11.927994012832642,-2.1,3.24,-4.87,6.21,0
11.937711000442505,-1.88,3.73,-4.74,6.31,0
11.948575019836426,-1.67,4.01,-4.29,6.1,0
11.957527875900269,-1.87,4.16,-4.05,6.09,0
11.97101092338562,-2.04,4.23,-3.8,6.04,0
11.977606058120728,-2.15,4.18,-3.27,5.72,0
11.987300157546997,-2.28,4.18,-2.82,5.53,0
11.998478174209595,-2.2,4.34,-2.59,5.51,0
12.007179021835327,-1.98,4.7,-2.45,5.65,0
12.020235061645508,-1.46,5.0,-2.15,5.63,0
12.027258157730103,-1.21,4.9,-1.73,5.33,0
12.036980867385864,-1.16,4.69,-1.17,4.97,0
12.047944068908691,-1.22,4.57,-0.59,4.76,0
12.056925058364868,-1.51,4.34,-0.18,4.59,0
12.070373058319092,-2.04,3.89,0.04,4.39,0
12.076840162277222,-2.46,3.24,-0.02,4.06,0
12.08656096458435,-2.68,2.68,-0.04,3.79,0
12.097617864608765,-2.7,2.4,0.23,3.61,0
12.106774091720581,-2.59,2.3,0.53,3.5,0
12.119647979736328,-2.36,2.09,0.79,3.24,0
12.126527070999146,-2.13,1.8,0.75,2.88,0
12.136236906051636,-1.84,1.44,0.59,2.4,0
12.148279905319214,-1.66,0.99,0.63,2.03,0
12.15621304512024,-1.5,0.55,0.84,1.8,0
12.169738054275513,-1.34,0.27,1.08,1.74,0
12.176189184188843,-1.07,0.16,1.39,1.76,0
12.185898065567017,-0.78,0.07,1.53,1.71,0
12.196905851364136,-0.58,-0.13,1.38,1.5,0
12.205604076385498,-0.35,-0.33,1.17,1.26,0
12.219069004058838,-0.23,-0.57,0.97,1.14,0
12.22583794593811,-0.38,-0.64,0.85,1.12,0
12.235888004302979,-0.59,-0.56,0.73,1.09,0
12.246753931045532,-0.65,-0.48,0.53,0.96,0
12.25548005104065,-0.6,-0.46,0.34,0.82,0
12.268791913986206,-0.53,-0.36,0.3,0.7,0
12.275951147079468,-0.3,-0.18,0.4,0.53,0
12.28528094291687,-0.03,-0.05,0.47,0.47,0
12.296526193618774,0.1,-0.1,0.44,0.46,0
12.30531907081604,0.16,-0.24,0.4,0.49,0
12.31859302520752,0.19,-0.33,0.32,0.49,0
12.325345039367676,0.08,-0.32,0.17,0.37,0
12.334909200668335,-0.1,-0.32,0.09,0.34,0
12.345842123031616,-0.2,-0.32,0.2,0.42,0
12.354685068130493,-0.31,-0.25,0.26,0.47,0
12.368288040161133,-0.38,-0.15,0.21,0.45,0
12.374890089035034,-0.33,-0.12,0.18,0.39,0
12.384698152542114,-0.21,-0.19,0.25,0.37,0
12.395777940750122,-0.1,-0.28,0.29,0.41,0
12.40470290184021,-0.06,-0.32,0.3,0.44,0
12.417668104171753,-0.06,-0.36,0.34,0.49,0
12.424385070800781,-0.06,-0.34,0.29,0.45,0
12.434475183486938,-0.09,-0.38,0.31,0.49,0
12.445326089859009,-0.18,-0.41,0.31,0.54,0
12.45431900024414,-0.24,-0.38,0.24,0.5,0
12.467380046844482,-0.26,-0.29,0.14,0.41,0
12.474186182022095,-0.27,-0.22,0.08,0.35,0
12.48412013053894,-0.32,-0.14,0.08,0.35,0
12.495176076889038,-0.39,-0.01,0.11,0.4,0
12.503865957260132,-0.4,0.08,0.06,0.41,0
12.517072916030884,-0.35,0.04,0.04,0.35,0
12.523760080337524,-0.26,0.0,0.05,0.26,0
12.533756017684937,-0.24,0.06,0.02,0.24,0
12.544839143753052,-0.29,0.14,0.0,0.32,0
12.553601026535034,-0.32,0.13,0.01,0.34,0
12.566477060317993,-0.34,0.13,0.01,0.36,0
12.573400974273682,-0.41,0.18,0.0,0.44,0
12.58341908454895,-0.44,0.19,0.05,0.48,0
12.594379186630249,-0.39,0.12,0.1,0.42,0
12.60329794883728,-0.4,0.02,0.11,0.41,0
12.616271018981934,-0.28,0.0,0.13,0.3,0
12.623071908950806,-0.14,-0.03,0.16,0.21,0
12.633113145828247,-0.11,-0.05,0.15,0.19,0
12.644273042678833,-0.14,-0.03,0.11,0.18,0
12.652949094772339,-0.18,0.0,0.1,0.2,0
12.666116952896118,-0.19,-0.04,0.15,0.24,0
12.672621011734009,-0.21,-0.06,0.17,0.27,0
12.68280291557312,-0.2,-0.09,0.18,0.28,0
12.693863153457642,-0.07,-0.1,0.22,0.25,0
12.702643156051636,0.03,-0.07,0.21,0.22,0
12.715865850448608,0.1,-0.05,0.18,0.21,0
12.722300052642822,0.2,-0.04,0.18,0.27,0
12.732280015945435,0.25,-0.08,0.18,0.31,0
12.743295907974243,0.21,-0.08,0.18,0.28,0
12.752320051193237,0.16,-0.06,0.15,0.22,0
12.765154123306274,0.16,-0.06,0.1,0.19,0
12.771862030029297,0.16,-0.1,0.08,0.2,0
12.78216814994812,0.2,-0.16,0.09,0.27,0
12.793073892593384,0.27,-0.17,0.12,0.34,0
12.801860094070435,0.33,-0.16,0.13,0.38,0
12.815105199813843,0.33,-0.14,0.09,0.36,0
12.821612119674683,0.25,-0.12,0.05,0.28,0
12.831466913223267,0.15,-0.1,0.04,0.18,0
12.842704057693481,0.05,-0.07,-0.01,0.08,0
12.851394891738892,-0.01,-0.13,-0.05,0.13,0
12.8648521900177,-0.05,-0.16,-0.04,0.17,0
12.871372938156128,-0.09,-0.13,-0.04,0.16,0
12.881352186203003,-0.13,-0.11,-0.08,0.18,0
12.891977071762085,-0.13,-0.1,-0.12,0.2,0
12.90122103691101,-0.11,-0.08,-0.13,0.18,0
12.914718866348267,-0.13,-0.05,-0.14,0.19,0
12.921043157577515,-0.15,-0.03,-0.22,0.26,0
12.931112051010132,-0.19,-0.01,-0.23,0.29,0
12.941849946975708,-0.21,0.03,-0.16,0.26,0
12.950901985168457,-0.18,0.03,-0.1,0.2,0
12.964025974273682,-0.18,0.01,-0.06,0.19,0
12.9706130027771,-0.21,0.01,-0.03,0.21,0
12.980587005615234,-0.22,0.06,-0.02,0.22,0
12.991590976715088,-0.22,0.08,-0.06,0.24,0
13.000629186630249,-0.21,0.06,-0.04,0.22,0
13.013870000839233,-0.18,0.0,0.01,0.18,0
13.020240068435669,-0.13,-0.01,0.01,0.13,0
13.030258893966675,-0.07,-0.03,0.0,0.07,0
13.040860891342163,-0.06,-0.03,0.0,0.06,0
13.05009388923645,-0.09,-0.06,0.03,0.11,0
13.063745021820068,-0.06,-0.09,0.02,0.1,0
13.069828987121582,-0.09,-0.11,0.03,0.14,0
13.079990148544312,-0.18,-0.12,0.05,0.22,0
13.090412855148315,-0.18,-0.12,0.04,0.21,0
13.099781036376953,-0.15,-0.13,0.05,0.2,0
13.112524032592773,-0.1,-0.14,0.07,0.18,0
13.11961817741394,-0.08,-0.15,0.06,0.18,0
13.129750967025757,-0.1,-0.16,0.02,0.18,0
13.140326023101807,-0.11,-0.17,-0.01,0.2,0
13.149312973022461,-0.07,-0.16,-0.01,0.17,0
13.16267991065979,-0.05,-0.16,-0.01,0.16,0
13.169252157211304,-0.07,-0.17,-0.01,0.18,0
13.179116010665894,-0.07,-0.15,-0.04,0.17,0
13.190107107162476,-0.07,-0.11,-0.06,0.14,0
13.199226140975952,-0.08,-0.1,-0.05,0.13,0
13.212630033493042,-0.1,-0.11,-0.02,0.15,0
13.218873977661133,-0.1,-0.13,-0.04,0.16,0
13.22888708114624,-0.13,-0.11,-0.06,0.18,0
13.239546060562134,-0.1,-0.11,-0.03,0.15,0
13.248911142349243,-0.09,-0.07,0.0,0.11,0
13.262261152267456,-0.06,-0.01,0.04,0.07,0
13.268540143966675,-0.06,0.0,0.07,0.09,0
13.27853512763977,-0.02,0.0,0.08,0.08,0
13.289264917373657,0.0,-0.02,0.05,0.05,0
13.298213005065918,0.0,-0.04,0.04,0.05,0
13.31176209449768,-0.03,-0.05,0.06,0.08,0
13.318340063095093,-0.06,-0.08,0.09,0.13,0
13.328155994415283,-0.03,-0.06,0.09,0.11,0
13.338917016983032,-0.05,-0.04,0.06,0.08,0
13.347883939743042,-0.04,-0.04,0.04,0.06,0
13.361286878585815,-0.05,-0.04,0.06,0.08,0
13.367938041687012,-0.06,-0.06,0.09,0.12,0
13.377883195877075,-0.08,-0.06,0.06,0.11,0
13.38867998123169,-0.14,-0.05,0.04,0.15,0
13.39762806892395,-0.14,-0.04,0.08,0.16,0
13.410737991333008,-0.11,-0.02,0.06,0.12,0
13.417640924453735,-0.08,-0.03,0.02,0.08,0
13.427525997161865,-0.04,-0.04,0.05,0.07,0
13.438199043273926,-0.02,-0.04,0.08,0.09,0
13.447468042373657,-0.01,-0.06,0.11,0.12,0
13.460715055465698,0.01,-0.08,0.1,0.12,0
13.467304944992065,-0.02,-0.12,0.08,0.14,0
13.477166891098022,-0.08,-0.15,0.03,0.17,0
13.487997055053711,-0.12,-0.12,-0.02,0.17,0
13.49713397026062,-0.13,-0.09,-0.03,0.16,0
13.51026701927185,-0.09,-0.05,-0.01,0.1,0
13.51689600944519,-0.03,-0.02,0.0,0.03,0
13.526653051376343,-0.03,-0.02,-0.03,0.04,0
13.537597894668579,-0.02,-0.04,-0.03,0.05,0
13.546662092208862,0.01,-0.04,-0.02,0.04,0
13.559769868850708,-0.02,-0.04,0.0,0.04,0
13.566612005233765,-0.07,-0.08,-0.03,0.11,0
13.576432943344116,-0.09,-0.14,-0.03,0.16,0
13.587316036224365,-0.09,-0.19,0.0,0.21,0
13.596626996994019,-0.13,-0.21,-0.01,0.24,0
13.609539031982422,-0.14,-0.18,-0.05,0.23,0
13.616464853286743,-0.17,-0.13,-0.07,0.22,0
13.625963926315308,-0.23,-0.08,-0.07,0.25,0
13.637127161026001,-0.2,-0.04,-0.07,0.21,0
13.646296977996826,-0.15,-0.03,-0.08,0.17,0
13.659435987472534,-0.09,-0.06,-0.04,0.11,0
13.665932893753052,-0.03,-0.07,0.02,0.07,0
13.675953149795532,0.0,-0.09,0.01,0.09,0
13.68679690361023,0.0,-0.1,0.0,0.1,0
13.69591212272644,-0.05,-0.09,0.03,0.1,0
13.708747148513794,-0.12,-0.05,0.01,0.13,0
13.715655088424683,-0.15,-0.02,-0.01,0.15,0
13.725239992141724,-0.13,-0.02,-0.01,0.13,0
13.7362802028656,-0.1,-0.03,0.0,0.1,0
13.745566129684448,-0.04,-0.02,0.04,0.06,0
13.758722066879272,-0.01,0.02,0.03,0.03,0
13.765455961227417,-0.04,0.05,0.01,0.06,0
13.775159120559692,-0.04,0.03,0.0,0.05,0
13.786011934280396,-0.05,-0.01,0.01,0.05,0
13.795109987258911,-0.04,-0.04,0.03,0.06,0
13.80825686454773,-0.05,-0.08,0.02,0.09,0
13.815003156661987,-0.09,-0.13,0.01,0.15,0
13.824725866317749,-0.13,-0.14,0.03,0.19,0
13.835599184036255,-0.17,-0.14,0.01,0.22,0
13.844617128372192,-0.17,-0.14,0.02,0.22,0
13.857795000076294,-0.12,-0.08,0.06,0.15,0
13.864695072174072,-0.06,-0.05,0.11,0.13,0
13.874505043029785,0.02,-0.02,0.13,0.13,0
13.88527512550354,0.07,-0.02,0.1,0.12,0
13.894069910049438,0.07,-0.02,0.09,0.11,0
13.907488107681274,0.05,-0.04,0.08,0.1,0
13.914237976074219,0.01,-0.07,0.02,0.07,0
13.924099206924438,-0.04,-0.08,-0.07,0.11,0
13.934942960739136,-0.08,-0.04,-0.12,0.14,0
13.943811178207397,-0.08,0.01,-0.06,0.1,0
13.956472158432007,-0.07,0.01,-0.01,0.07,0
13.963836908340454,-0.02,0.04,-0.04,0.06,0
13.973694086074829,0.0,0.09,-0.01,0.09,0
13.984615087509155,0.01,0.16,0.05,0.16,0
13.993584871292114,0.08,0.26,0.03,0.27,0
14.006170988082886,0.14,0.48,0.11,0.51,0
14.013407945632935,-0.29,0.76,0.19,0.83,0
14.02340292930603,-0.77,0.96,0.02,1.23,0
14.034342050552368,-0.89,1.08,-0.08,1.4,0
14.043161153793335,-0.78,0.96,0.26,1.26,0
14.056193113327026,-0.7,0.78,0.55,1.18,0
14.06319785118103,-0.81,0.81,0.58,1.28,0
14.072913885116577,-1.04,0.94,0.61,1.52,0
14.084029912948608,-1.09,1.08,0.62,1.65,0
14.092972040176392,-1.15,1.15,0.65,1.75,0
14.106163024902344,-1.34,1.26,0.78,1.99,0
14.112874984741211,-1.51,1.54,0.91,2.34,0
14.122598886489868,-1.48,1.84,0.96,2.54,0
14.13372802734375,-1.65,2.01,1.0,2.78,0
14.142504930496216,-1.98,2.24,0.94,3.13,0
14.15570616722107,-2.26,2.53,0.71,3.46,0
14.162665128707886,-2.61,2.62,0.52,3.73,0
14.172299146652222,-2.96,2.69,0.24,4.0,0
14.18333101272583,-3.13,3.07,-0.2,4.38,0
14.192196130752563,-3.51,3.84,-0.43,5.22,0
14.20554518699646,-4.59,4.92,-0.41,6.74,1
14.212319135665894,-5.96,5.94,-0.05,8.41,1
14.221930980682373,-7.1,7.02,0.31,9.98,1
14.232918977737427,-7.63,7.83,0.27,10.93,1
14.241873025894165,-7.87,8.4,0.56,11.52,1
14.255308866500854,-7.62,9.36,1.22,12.13,1
14.261857032775879,-8.08,10.56,1.51,13.38,1
14.271590948104858,-8.64,11.66,1.65,14.6,1
14.282512903213501,-9.33,11.92,1.79,15.24,1
14.2915940284729,-10.69,11.76,2.45,16.08,1
14.304879903793335,-11.82,11.14,3.67,16.65,1
14.311606168746948,-12.35,9.45,4.78,16.26,1
14.3212149143219,-11.38,6.94,5.77,14.52,1
14.33234715461731,-9.12,3.6,5.87,11.42,1
14.341056108474731,-5.59,-0.69,4.81,7.4,1
14.353991985321045,-1.49,-5.38,3.52,6.59,1
14.360811948776245,2.07,-10.19,2.16,10.62,1
14.37080693244934,5.89,-13.92,0.9,15.14,1
14.381991147994995,8.51,-15.77,-0.16,17.92,1
14.390784978866577,11.12,-16.35,-0.88,19.79,1
14.403716087341309,13.52,-16.75,-2.42,21.66,1
14.410721063613892,15.75,-16.58,-4.28,23.26,1
14.42060399055481,17.14,-14.58,-6.59,23.44,1
14.431452989578247,17.03,-10.34,-8.41,21.62,1
14.440438032150269,16.26,-6.09,-8.45,19.31,1
14.453518152236938,16.44,-3.42,-7.19,18.26,1
14.460388898849487,16.91,-2.36,-5.58,17.96,1
14.470157861709595,15.75,-1.97,-3.5,16.25,1
14.481117010116577,13.43,-2.76,0.09,13.71,1
14.490082025527954,10.78,-4.08,4.02,12.2,1
14.502908945083618,7.73,-5.19,6.78,11.51,1
14.509927034378052,3.51,-6.66,7.87,10.89,1
14.519827127456665,-0.43,-8.83,8.1,11.99,1
14.530844926834106,-2.58,-11.05,7.12,13.39,1
14.539689064025879,-3.57,-12.47,4.97,13.89,1
14.552762985229492,-3.63,-12.48,3.5,13.46,1
14.55959701538086,-2.73,-11.53,2.67,12.14,1
14.569679021835327,-1.53,-10.56,1.83,10.82,1
14.58068299293518,-0.09,-9.93,1.19,10.0,1
14.58921217918396,1.15,-9.75,0.92,9.86,1
14.6024169921875,1.92,-9.54,1.17,9.8,1
14.609400987625122,2.17,-9.1,1.95,9.55,1
14.619506120681763,2.33,-8.58,2.09,9.13,1
14.630406141281128,2.38,-8.21,1.06,8.61,1
14.63895297050476,1.6,-8.0,-0.02,8.15,1
14.652359008789062,0.23,-7.54,-0.46,7.55,1
14.659228086471558,-1.14,-6.56,-0.84,6.71,1
14.669453859329224,-2.3,-5.14,-1.26,5.77,0
14.679921865463257,-3.01,-3.62,-1.45,4.92,0
14.688799142837524,-3.54,-2.54,-1.57,4.63,0
14.701945066452026,-3.65,-1.61,-1.8,4.37,0
14.70884919166565,-3.36,-0.77,-1.87,3.92,0
14.718427896499634,-2.86,-0.21,-2.04,3.51,0
14.729649066925049,-2.44,0.31,-2.48,3.49,0
14.73831820487976,-2.17,1.15,-3.43,4.21,0
14.751214027404785,-2.34,2.06,-4.17,5.2,0
14.758516073226929,-2.71,2.79,-4.22,5.73,0
14.768306016921997,-3.06,3.36,-3.99,6.04,0
14.779328107833862,-3.13,3.6,-4.11,6.29,0
14.787911176681519,-3.08,3.63,-4.43,6.5,0
14.801385164260864,-2.92,3.63,-4.39,6.4,0
14.808173894882202,-2.47,3.51,-4.09,5.92,0
14.81778597831726,-2.27,3.53,-3.71,5.6,0
14.828855991363525,-2.06,3.83,-3.25,5.42,0
14.837579011917114,-1.49,4.19,-2.77,5.23,0
14.8506760597229,-1.06,4.26,-2.06,4.84,0
14.857575178146362,-0.95,4.36,-1.35,4.66,0
14.86776614189148,-0.85,4.34,-0.87,4.5,0
14.878554105758667,-0.67,4.05,-0.5,4.13,0
14.887263059616089,-0.48,3.77,-0.08,3.8,0
14.900240182876587,-0.45,3.53,0.38,3.57,0
14.907288074493408,-0.43,3.39,0.74,3.49,0
14.917237043380737,-0.31,3.54,0.92,3.67,0
14.928246021270752,-0.25,3.8,1.08,3.95,0
14.936943054199219,-0.37,3.84,1.2,4.04,0
14.950671911239624,-0.21,3.48,1.11,3.65,0
14.957105875015259,0.09,2.77,0.79,2.88,0
14.967127084732056,-0.15,2.09,0.47,2.14,0
14.977699995040894,-0.72,1.79,0.23,1.94,0
14.986721992492676,-1.14,1.86,0.04,2.18,0
15.000015020370483,-1.75,2.02,0.04,2.67,0
15.00676417350769,-2.35,2.09,-0.01,3.14,0
15.016814947128296,-2.6,2.02,-0.24,3.3,0
15.027575016021729,-2.87,1.72,-0.47,3.37,0
15.03625202178955,-2.94,1.37,-0.64,3.3,0
15.0500009059906,-2.79,1.23,-0.52,3.09,0
15.056236982345581,-2.6,1.24,-0.34,2.9,0
15.066479921340942,-2.31,1.25,-0.24,2.63,0
15.077218055725098,-2.05,1.19,-0.25,2.38,0
15.08594799041748,-1.67,1.01,-0.27,1.97,0
15.099540948867798,-1.26,0.7,-0.19,1.45,0
15.105979204177856,-0.88,0.4,-0.04,0.96,0
15.115852117538452,-0.7,0.25,0.0,0.74,0
15.126877069473267,-0.64,0.13,0.0,0.65,0
15.135656118392944,-0.53,0.03,0.04,0.53,0
15.149204969406128,-0.47,-0.05,0.13,0.49,0
15.15560007095337,-0.36,-0.09,0.19,0.41,0
15.165931940078735,-0.07,-0.08,0.09,0.13,0
15.176358938217163,0.16,-0.09,-0.1,0.2,0
15.18526291847229,0.29,-0.04,-0.27,0.39,0
15.198703050613403,0.36,-0.04,-0.24,0.43,0
15.205250978469849,0.4,-0.11,-0.07,0.42,0
15.215274095535278,0.41,-0.16,0.04,0.44,0
15.226047992706299,0.39,-0.21,0.02,0.44,0
15.235050916671753,0.35,-0.32,-0.05,0.47,0
15.248308897018433,0.19,-0.46,-0.09,0.5,0
15.255053043365479,0.08,-0.45,-0.08,0.46,0
15.265362024307251,0.05,-0.39,0.13,0.41,0
15.275631189346313,-0.01,-0.38,0.29,0.47,0
15.284796953201294,-0.11,-0.27,0.25,0.38,0
15.298127889633179,-0.13,-0.15,0.17,0.26,0
15.304610967636108,-0.18,-0.1,0.18,0.27,0
15.314441919326782,-0.27,-0.06,0.14,0.31,0
15.325325012207031,-0.28,-0.03,0.07,0.29,0
15.334402084350586,-0.23,-0.01,0.05,0.23,0
15.347799062728882,-0.17,-0.03,0.12,0.21,0
15.354231119155884,-0.15,-0.03,0.16,0.22,0
15.364130020141602,-0.18,0.07,0.07,0.2,0
15.374819040298462,-0.27,0.19,0.04,0.33,0
15.383987188339233,-0.35,0.21,0.11,0.42,0
15.396826982498169,-0.36,0.15,0.17,0.42,0
15.40369701385498,-0.38,0.12,0.21,0.45,0
15.41385817527771,-0.39,0.12,0.22,0.46,0
15.424669981002808,-0.36,0.13,0.25,0.45,0
15.43367600440979,-0.33,0.12,0.24,0.42,0
15.447084188461304,-0.34,0.1,0.2,0.4,0
15.45356798171997,-0.35,0.11,0.19,0.41,0
15.46393895149231,-0.32,0.15,0.16,0.38,0
15.474241971969604,-0.27,0.17,0.16,0.35,0
15.483420133590698,-0.23,0.17,0.17,0.33,0
15.496747970581055,-0.11,0.16,0.22,0.29,0
15.503227949142456,0.01,0.11,0.28,0.3,0
15.513181924819946,0.09,0.07,0.29,0.31,0
15.52397108078003,0.07,0.05,0.19,0.2,0
15.533050060272217,-0.05,0.01,0.14,0.14,0
15.546261072158813,-0.12,0.0,0.15,0.19,0
15.552896976470947,-0.22,0.0,0.08,0.23,0
15.562762975692749,-0.26,-0.03,-0.02,0.26,0
15.573567152023315,-0.23,-0.06,-0.04,0.24,0
15.582732915878296,-0.2,-0.09,0.02,0.22,0
15.595670938491821,-0.2,-0.1,0.02,0.22,0
15.602499008178711,-0.18,-0.1,-0.02,0.2,0
15.612581968307495,-0.2,-0.12,0.01,0.23,0
15.623146057128906,-0.21,-0.15,0.05,0.26,0
15.632262945175171,-0.25,-0.15,0.01,0.29,0
15.645755052566528,-0.29,-0.12,-0.02,0.31,0
15.652253866195679,-0.32,-0.1,-0.04,0.33,0
15.661931991577148,-0.29,-0.06,-0.04,0.29,0
15.672996044158936,-0.27,-0.02,-0.05,0.27,0
15.68196415901184,-0.26,-0.03,-0.05,0.26,0
15.695340871810913,-0.23,-0.08,-0.06,0.25,0
15.70180606842041,-0.19,-0.11,-0.06,0.22,0
15.711534976959229,-0.18,-0.09,-0.12,0.23,0
15.722414016723633,-0.2,-0.1,-0.13,0.25,0
15.731673955917358,-0.16,-0.14,-0.12,0.24,0
15.744924068450928,-0.06,-0.13,-0.08,0.16,0
15.751600980758667,-0.03,-0.05,-0.09,0.1,0
15.761555910110474,-0.02,0.08,-0.1,0.12,0
15.772094964981079,-0.03,0.09,-0.06,0.11,0
15.781267881393433,-0.04,0.0,0.0,0.04,0
15.794543027877808,-0.07,-0.05,0.06,0.1,0
15.801274061203003,-0.13,-0.07,0.07,0.16,0
15.81107211112976,-0.17,-0.09,0.02,0.19,0
15.821794033050537,-0.14,-0.1,0.04,0.17,0
15.830960035324097,-0.15,-0.08,0.07,0.18,0
15.843469858169556,-0.14,-0.05,0.04,0.15,0
15.85076904296875,-0.13,-0.02,0.05,0.14,0
15.860880136489868,-0.19,-0.01,0.08,0.2,0
15.871441125869751,-0.19,0.02,0.03,0.19,0
15.880635976791382,-0.15,-0.03,0.05,0.16,0
15.893176078796387,-0.14,-0.12,0.09,0.2,0
15.900501012802124,-0.19,-0.15,0.01,0.24,0
15.91043210029602,-0.24,-0.1,-0.1,0.27,0
15.921207189559937,-0.23,-0.07,-0.09,0.25,0
15.93026614189148,-0.17,-0.1,0.07,0.2,0
15.943044900894165,-0.12,-0.06,0.16,0.2,0
15.95034909248352,-0.07,0.05,0.04,0.09,0
15.95996904373169,-0.05,0.1,-0.04,0.11,0
15.970839977264404,-0.1,0.04,-0.09,0.14,0
15.979765176773071,-0.14,-0.02,-0.21,0.25,0
15.992838144302368,-0.2,-0.03,-0.19,0.27,0
16.000043153762817,-0.23,-0.01,-0.08,0.24,0
16.009796857833862,-0.16,-0.02,-0.06,0.17,0
16.02056097984314,-0.05,-0.02,-0.03,0.06,0
16.029538869857788,-0.08,-0.03,0.01,0.08,0
16.042484998703003,-0.16,-0.03,-0.01,0.16,0
16.049548864364624,-0.2,-0.03,0.03,0.2,0
16.059537172317505,-0.23,-0.04,0.07,0.24,0
16.070232152938843,-0.21,-0.08,0.1,0.24,0
16.079161882400513,-0.18,-0.11,0.12,0.24,0
16.092154026031494,-0.14,-0.1,0.09,0.19,0
16.099282026290894,-0.09,-0.05,0.08,0.13,0
16.10902714729309,-0.06,-0.01,0.17,0.18,0
16.119786024093628,-0.07,-0.01,0.12,0.13,0
16.129016160964966,-0.14,0.0,0.01,0.14,0
16.141985177993774,-0.22,-0.01,0.03,0.22,0
16.148953199386597,-0.28,-0.04,0.07,0.29,0
16.15858292579651,-0.29,-0.07,0.02,0.29,0
16.16950798034668,-0.27,-0.13,-0.03,0.3,0
16.17859387397766,-0.24,-0.18,0.01,0.3,0
16.19161105155945,-0.18,-0.14,0.0,0.22,0
16.198407888412476,-0.11,-0.11,-0.02,0.15,0
16.208232164382935,-0.11,-0.08,-0.03,0.13,0
16.219173192977905,-0.12,-0.02,-0.04,0.12,0
16.22820019721985,-0.12,0.03,0.01,0.12,0
16.24058985710144,-0.16,0.02,0.01,0.16,0
16.24796414375305,-0.18,0.01,-0.03,0.18,0
16.257999181747437,-0.22,0.02,-0.03,0.22,0
16.268900156021118,-0.17,-0.02,0.01,0.17,0
16.277955055236816,-0.13,-0.04,0.04,0.14,0
16.290435075759888,-0.11,-0.03,-0.03,0.11,0
16.29786992073059,-0.08,0.01,-0.06,0.1,0
16.308022022247314,-0.1,0.01,-0.01,0.1,0
16.31828999519348,-0.12,0.0,0.02,0.12,0
16.32721209526062,-0.12,0.0,0.0,0.12,0
16.33993887901306,-0.11,0.0,-0.01,0.11,0
16.347136974334717,-0.12,0.0,0.01,0.12,0
16.35694193840027,-0.15,-0.01,0.01,0.15,0
16.367964029312134,-0.17,-0.05,-0.02,0.17,0
16.376801013946533,-0.15,-0.05,-0.03,0.16,0
16.38949418067932,-0.18,-0.01,0.01,0.18,0
16.396823167800903,-0.17,-0.02,0.08,0.18,0
16.40665888786316,-0.14,-0.06,0.09,0.17,0
16.417651891708374,-0.13,-0.09,0.06,0.16,0
16.426625967025757,-0.15,-0.08,0.07,0.18,0
16.439486026763916,-0.18,-0.05,0.09,0.2,0
16.446604013442993,-0.15,-0.03,0.08,0.17,0
16.45640206336975,-0.13,-0.04,0.1,0.16,0
16.46712613105774,-0.13,-0.06,0.09,0.16,0
16.47643208503723,-0.12,-0.05,0.08,0.15,0
16.489150047302246,-0.13,-0.06,0.06,0.15,0
16.496022939682007,-0.15,-0.06,0.04,0.16,0
16.50606894493103,-0.13,-0.05,-0.02,0.14,0
16.516905069351196,-0.09,-0.08,-0.02,0.12,0
16.525919198989868,-0.09,-0.07,-0.06,0.12,0
16.53923010826111,-0.06,-0.03,-0.09,0.11,0
16.54581904411316,-0.08,-0.03,-0.08,0.11,0
16.556024074554443,-0.1,-0.06,-0.07,0.13,0
16.566637992858887,-0.13,-0.08,-0.09,0.17,0
16.575767040252686,-0.17,-0.08,-0.11,0.21,0
16.588710069656372,-0.22,-0.08,-0.11,0.25,0
16.59557604789734,-0.2,-0.06,-0.14,0.25,0
16.605918169021606,-0.16,-0.02,-0.12,0.2,0
16.61670994758606,-0.2,0.02,-0.15,0.25,0
16.625364065170288,-0.17,0.04,-0.13,0.21,0
16.63862705230713,-0.14,0.03,-0.05,0.15,0
16.645217180252075,-0.14,0.01,-0.02,0.14,0
16.654916048049927,-0.11,0.0,-0.04,0.11,0
16.66578698158264,-0.1,-0.03,0.02,0.1,0
16.675014972686768,-0.13,-0.04,0.07,0.15,0
16.687963008880615,-0.13,-0.07,0.03,0.15,0
16.694881200790405,-0.12,-0.07,0.0,0.13,0
16.70466899871826,-0.14,-0.04,-0.05,0.15,0
16.715646028518677,-0.11,-0.02,-0.06,0.12,0
16.724472045898438,-0.08,-0.01,-0.06,0.1,0
16.73713207244873,-0.06,-0.01,-0.03,0.06,0
16.744216203689575,-0.06,-0.01,-0.01,0.06,0
16.75432801246643,-0.01,-0.02,0.02,0.03,0
16.7652850151062,0.0,-0.06,0.05,0.07,0
16.774513959884644,-0.03,-0.09,0.06,0.11,0
16.78719687461853,-0.11,-0.11,0.03,0.15,0
16.794210195541382,-0.16,-0.11,-0.03,0.19,0
16.80393385887146,-0.23,-0.14,0.0,0.26,0
16.81488013267517,-0.25,-0.15,-0.01,0.29,0
16.82393193244934,-0.24,-0.13,0.0,0.27,0
16.837229013442993,-0.19,-0.1,0.02,0.21,0
16.84394907951355,-0.13,-0.08,0.05,0.16,0
16.85382914543152,-0.07,-0.07,0.06,0.11,0
16.8645122051239,-0.05,-0.03,0.04,0.07,0
16.873607873916626,-0.05,0.01,0.01,0.05,0
16.88648819923401,-0.06,0.03,0.0,0.06,0
16.893681049346924,-0.07,0.02,0.03,0.07,0
16.904779195785522,-0.12,0.0,0.05,0.13,0
16.915662050247192,-0.16,-0.02,-0.01,0.16,0
16.924718141555786,-0.2,-0.05,-0.03,0.2,0
16.938157081604004,-0.19,-0.06,-0.02,0.2,0
16.944531202316284,-0.14,-0.06,0.02,0.15,0
16.954843997955322,-0.13,-0.04,0.02,0.13,0
16.965378046035767,-0.09,-0.03,-0.02,0.09,0
16.974057912826538,-0.07,-0.03,-0.01,0.07,0
16.987380981445312,-0.09,-0.03,0.02,0.09,0
16.99426007270813,-0.13,-0.05,-0.02,0.14,0
17.004554986953735,-0.17,-0.09,-0.07,0.2,0
17.014961004257202,-0.18,-0.1,-0.06,0.21,0
17.023818016052246,-0.18,-0.1,-0.07,0.21,0
17.03673505783081,-0.18,-0.12,-0.12,0.24,0
17.043878078460693,-0.16,-0.12,-0.18,0.26,0
17.05409598350525,-0.14,-0.13,-0.16,0.24,0
17.064529180526733,-0.14,-0.14,-0.13,0.23,0
17.073589086532593,-0.11,-0.12,-0.12,0.2,0
17.08721399307251,-0.09,-0.11,-0.11,0.17,0
17.093497037887573,-0.09,-0.06,-0.09,0.14,0
17.10388207435608,-0.08,-0.03,-0.1,0.13,0
17.114332914352417,-0.03,-0.01,-0.09,0.09,0
17.123141050338745,0.0,-0.01,-0.01,0.01,0
17.13680100440979,0.02,0.01,0.06,0.06,0
17.143236875534058,0.04,0.03,0.11,0.12,0
17.153616189956665,0.03,0.03,0.14,0.14,0
17.163814067840576,0.02,0.01,0.14,0.14,0
17.172803163528442,-0.06,0.0,0.16,0.17,0
17.185869932174683,-0.09,0.05,0.17,0.19,0
17.1925950050354,-0.06,0.08,0.17,0.19,0
17.202787160873413,-0.01,0.07,0.25,0.25,0
17.213672876358032,-0.01,0.08,0.24,0.25,0
17.222452878952026,-0.07,0.14,0.21,0.26,0
17.235440015792847,0.0,0.21,0.17,0.27,0
17.242279052734375,0.25,0.34,0.18,0.45,0
17.25237011909485,-0.09,0.57,0.35,0.67,0
17.26327919960022,-0.51,1.01,0.46,1.22,0
17.272012948989868,-0.5,1.59,0.53,1.74,0
17.285197973251343,-0.32,2.26,0.88,2.44,0
17.29211115837097,-0.17,3.06,1.43,3.38,0
17.30185294151306,-0.4,3.92,1.93,4.38,0
17.313038110733032,-0.88,4.8,2.45,5.46,0
17.321797132492065,-0.97,5.74,2.85,6.48,1
17.33479404449463,-1.2,6.78,3.06,7.53,1
17.341634035110474,-1.63,7.71,2.7,8.33,1
17.35185408592224,-1.76,8.39,2.27,8.86,1
17.362644910812378,-2.09,8.76,2.06,9.23,1
17.371487855911255,-3.32,9.12,1.72,9.85,1
17.38446593284607,-4.52,9.05,1.43,10.21,1
17.391371965408325,-5.5,8.46,0.96,10.13,1
17.40154504776001,-6.57,7.73,0.76,10.17,1
17.412172079086304,-7.4,6.75,0.89,10.05,1
17.421098947525024,-8.05,5.79,0.59,9.93,1
17.434705018997192,-8.68,5.47,-0.28,10.26,1
17.441169023513794,-9.55,5.85,-0.93,11.23,1
17.451580047607422,-10.23,6.23,-0.77,12.0,1
17.461863040924072,-10.41,6.09,-0.32,12.06,1
17.470764875411987,-9.79,5.92,-0.4,11.44,1
17.483736038208008,-8.96,5.13,-0.41,10.33,1
17.490855932235718,-7.56,3.49,0.91,8.37,1
17.50115418434143,-6.4,0.85,2.3,6.85,1
17.511512994766235,-5.29,-2.16,3.34,6.61,1
17.52059006690979,-4.22,-5.26,3.0,7.38,1
17.534026861190796,-2.91,-8.28,2.41,9.1,1
17.540271043777466,-0.09,-10.65,1.77,10.79,1
17.550199031829834,3.34,-12.84,0.72,13.28,1
17.56120800971985,7.36,-14.62,0.0,16.36,1
17.570080995559692,9.95,-16.0,-1.86,18.93,1
17.58333706855774,11.42,-16.36,-3.95,20.33,1
17.59017300605774,13.17,-15.31,-4.74,20.74,1
17.600795030593872,15.13,-12.98,-6.54,20.98,1
17.610934019088745,17.17,-7.55,-8.61,20.63,1
17.619734048843384,20.09,-2.67,-8.76,22.07,1
17.632539987564087,23.81,1.7,-8.27,25.26,1
17.63972496986389,26.71,6.51,-5.33,28.0,1
17.6498920917511,25.82,6.45,-0.26,26.61,1
17.660534143447876,20.41,0.46,3.73,20.75,1
17.669667959213257,12.05,-6.69,6.35,15.17,1
17.682515859603882,3.64,-11.38,7.54,14.12,1
17.689213037490845,-1.15,-12.85,7.89,15.12,1
17.69919514656067,-1.95,-12.58,6.93,14.49,1
17.710102081298828,-0.94,-11.88,5.16,12.98,1
17.719194173812866,0.76,-10.93,3.55,11.51,1
17.731934070587158,2.51,-9.76,2.45,10.37,1
17.738861083984375,4.18,-8.86,1.18,9.86,1
17.74864411354065,5.33,-8.41,-0.16,9.95,1
17.75982403755188,6.05,-8.12,-1.05,10.18,1
17.768866062164307,6.49,-7.98,-1.75,10.43,1
17.781697988510132,6.5,-7.74,-1.67,10.24,1
17.788705110549927,5.57,-7.49,-1.61,9.47,1
17.799010038375854,4.4,-7.27,-1.59,8.64,1
17.809531927108765,3.05,-6.65,-1.56,7.48,1
17.818383932113647,1.54,-5.92,-1.83,6.38,1
17.831932067871094,0.24,-4.42,-2.73,5.2,0
17.838512182235718,-1.08,-2.54,-3.96,4.82,0
17.849161863327026,-2.22,-1.39,-4.8,5.46,0
17.85915207862854,-2.66,-0.47,-5.27,5.92,0
17.868040084838867,-2.78,0.37,-5.62,6.28,0
17.881579160690308,-2.85,0.9,-5.76,6.48,0
17.887875080108643,-3.17,1.42,-5.32,6.35,0
17.89793086051941,-3.56,1.92,-4.7,6.2,0
17.908786058425903,-3.82,2.18,-4.4,6.22,0
17.91769504547119,-4.02,2.73,-4.45,6.58,0
17.93074107170105,-4.3,3.63,-4.5,7.2,0
17.93774700164795,-4.46,4.3,-4.28,7.52,0
17.947856187820435,-4.49,4.72,-3.97,7.62,0
17.958451986312866,-4.14,5.11,-3.5,7.44,0
17.967360973358154,-3.6,5.43,-2.74,7.06,0
17.980252981185913,-3.08,5.51,-2.09,6.64,0
17.98723602294922,-2.45,5.29,-1.35,5.98,0
17.997152090072632,-1.66,5.01,-0.68,5.32,0
18.007856130599976,-1.11,4.93,-0.13,5.05,0
18.017120122909546,-0.96,4.81,0.38,4.91,0
18.029752016067505,-1.0,4.42,1.11,4.66,0
18.03684401512146,-0.98,4.21,1.91,4.72,0
18.046427965164185,-0.97,4.21,2.18,4.83,0
18.057442903518677,-1.12,4.15,2.11,4.78,0
18.066771030426025,-1.13,4.06,2.06,4.69,0
18.079477071762085,-0.92,4.06,1.95,4.59,0
18.086490869522095,-0.27,4.0,1.75,4.37,0
18.0964138507843,0.23,3.84,1.52,4.13,0
18.107113122940063,-0.45,3.42,1.05,3.6,0
18.116402864456177,-1.13,2.83,0.66,3.11,0
18.129206895828247,-1.16,2.36,0.63,2.7,0
18.136125087738037,-1.01,2.15,0.57,2.44,0
18.145977020263672,-0.91,1.91,0.37,2.14,0
18.15693998336792,-0.93,1.48,0.06,1.74,0
18.16612696647644,-1.07,1.21,-0.19,1.62,0
18.17889404296875,-1.04,1.09,-0.4,1.55,0
18.1857750415802,-0.81,0.98,-0.55,1.38,0
18.195778131484985,-0.58,0.22,-3.88,3.92,0
18.206459045410156,-0.3,-0.66,-6.99,7.02,0
18.215898990631104,-0.21,0.26,-3.71,3.72,0
18.228579998016357,0.15,0.61,-4.27,4.31,0
18.235522985458374,-0.23,0.84,-1.98,2.16,0
18.2453830242157,-0.83,0.76,9.16,9.22,0
18.256000995635986,-1.08,1.81,15.3,15.44,0
18.26546311378479,-1.16,3.22,0.05,3.42,0
18.2782199382782,-1.97,1.54,-4.44,5.09,0
18.285125970840454,-1.3,-0.31,-2.56,2.88,0
18.295050859451294,0.53,-0.85,-1.59,1.87,0
18.30604100227356,1.34,-0.61,0.77,1.66,0
18.315181970596313,0.82,0.27,2.3,2.45,0
18.327844858169556,0.27,0.85,0.13,0.9,0
18.334736108779907,0.08,0.82,-1.34,1.57,0
18.344703912734985,0.22,0.41,-1.06,1.15,0
18.355572938919067,0.25,0.03,-0.42,0.48,0
18.364742040634155,0.11,-0.15,-0.39,0.43,0
18.377592086791992,-0.15,-0.34,-0.75,0.83,0
18.38459610939026,0.24,-0.46,-0.96,1.09,0
18.394415140151978,0.39,-0.3,-0.86,0.99,0
18.40509295463562,0.23,0.04,-0.42,0.48,0
18.414250135421753,0.06,0.24,-0.02,0.24,0
18.427133083343506,-0.14,0.22,0.02,0.26,0
18.434293031692505,-0.28,0.0,-0.03,0.28,0
18.44431710243225,-0.31,-0.33,0.01,0.45,0
18.454879999160767,-0.28,-0.75,-0.03,0.8,0
18.464121103286743,-0.16,-1.1,-0.15,1.12,0
18.476752996444702,0.03,-1.16,-0.2,1.17,0
18.483761072158813,-0.07,-0.96,-0.2,0.98,0
18.493839979171753,-0.53,-0.97,-0.17,1.11,0
18.504607915878296,-0.71,-0.83,0.31,1.13,0
18.513576984405518,-0.7,0.08,0.84,1.09,0
18.526551961898804,-0.82,0.81,0.95,1.49,0
18.53358817100525,-0.34,1.19,0.93,1.54,0
18.54349708557129,0.19,1.45,1.03,1.78,0
18.55418300628662,0.46,1.49,0.99,1.84,0
18.563446044921875,0.37,1.25,0.63,1.44,0
18.575927019119263,0.08,0.67,0.54,0.86,0
18.583175897598267,0.01,0.07,0.87,0.87,0
18.60408902168274,-0.1,-0.07,0.9,0.9,0
18.606621026992798,-0.41,0.36,0.32,0.63,0
18.61290407180786,-0.71,0.82,0.29,1.12,0
18.629863023757935,-0.83,0.88,0.85,1.47,0
18.632636070251465,-0.64,0.7,0.81,1.24,0
18.642564058303833,-0.15,0.37,0.32,0.51,0
18.65367102622986,0.36,0.08,0.06,0.37,0
18.66326403617859,0.62,-0.15,0.1,0.64,0
18.675370931625366,0.6,-0.29,0.2,0.69,0
18.682560205459595,0.43,-0.37,0.25,0.61,0
18.692242860794067,0.22,-0.36,0.26,0.49,0
18.703155040740967,-0.04,-0.27,0.4,0.48,0
18.712378978729248,-0.3,-0.06,0.46,0.55,0
18.724897146224976,-0.41,0.17,0.5,0.66,0
18.7321879863739,-0.27,0.26,0.35,0.51,0
18.74191689491272,0.0,0.26,0.02,0.26,0
18.752902030944824,0.2,0.01,-0.25,0.32,0
18.761945009231567,0.2,-0.28,-0.36,0.49,0
18.774644136428833,0.12,-0.37,-0.47,0.61,0
18.781951189041138,0.01,-0.33,-0.58,0.66,0
18.792550086975098,-0.06,-0.27,-0.53,0.59,0
18.80257296562195,-0.12,-0.16,-0.3,0.36,0
18.81160807609558,-0.14,0.08,0.11,0.19,0
18.824854135513306,0.05,0.43,0.41,0.59,0
18.83165407180786,0.27,0.54,0.29,0.66,0
18.84269118309021,0.37,0.32,0.12,0.5,0
18.852104902267456,0.31,0.01,-0.03,0.31,0
18.861531972885132,0.3,-0.11,-0.05,0.32,0
18.874441862106323,0.36,-0.11,-0.12,0.39,0
18.881402015686035,0.1,-0.35,-2.29,2.31,0
18.89214015007019,-0.12,-0.61,-1.47,1.59,0
18.90188193321228,-0.29,-0.24,0.26,0.45,0
18.910878896713257,-0.49,0.4,0.54,0.83,0
18.92379903793335,-0.63,0.44,0.76,1.08,0
18.930793046951294,-0.4,0.24,0.8,0.92,0
18.940902948379517,-0.4,0.04,0.74,0.84,0
18.951474905014038,-0.43,0.02,0.58,0.72,0
